iso3,analysis_year,gabam_version,gabam_record_id,gabam_archive_md5,ghs_obat_release,ghs_obat_epoch,burned_value_threshold,total_buildings,valid_coordinate_buildings,invalid_coordinate_buildings,tile_covered_buildings,tile_uncovered_valid_coordinate_buildings,valid_gabam_pixel_buildings,invalid_or_nodata_gabam_pixel_buildings,exposed_buildings,exposed_buildings_percent_total,exposed_buildings_percent_valid_coordinates,exposed_buildings_percent_valid_gabam_pixels,tile_coverage_percent_valid_coordinates,valid_pixel_coverage_percent_tile_covered,gabam_tile_count,obat_csv_part_count,processed_chunks,partial_test,last_completed_part_number,last_completed_chunk_in_part
ABW,2024,v3,17707433,b6c4b70bc95f9c3c30f4dfd5505ef12d,R2024A,E2020,0,93614,93614,0,0,93614,0,0,0,0.0,0.0,,0.0,,2,1,1,False,1,1
AFG,2024,v3,17707433,b6c4b70bc95f9c3c30f4dfd5505ef12d,R2024A,E2020,0,8572200,8572200,0,5745715,2826485,0,5745715,0,0.0,0.0,,67.02730920883788,0.0,7,1,35,False,1,35
AGO,2024,v3,17707433,b6c4b70bc95f9c3c30f4dfd5505ef12d,R2024A,E2020,0,11868625,11868625,0,10466307,1402318,328737,10137570,328737,2.769798523417835,2.769798523417835,100.0,88.18466334558552,3.1409072942347285,10,1,48,False,1,48
AIA,2024,v3,17707433,b6c4b70bc95f9c3c30f4dfd5505ef12d,R2024A,E2020,0,14953,14953,0,0,14953,0,0,0,0.0,0.0,,0.0,,1,1,1,False,1,1
ALA,2024,v3,17707433,b6c4b70bc95f9c3c30f4dfd5505ef12d,R2024A,E2020,0,61690,61690,0,3197,58493,0,3197,0,0.0,0.0,,5.182363430053493,0.0,3,1,1,False,1,1
ALB,2024,v3,17707433,b6c4b70bc95f9c3c30f4dfd5505ef12d,R2024A,E2020,0,1227044,1227044,0,37920,1189124,192,37728,192,0.0156473606488438,0.0156473606488438,100.0,3.090353728146668,0.5063291139240507,4,1,5,False,1,5
AND,2024,v3,17707433,b6c4b70bc95f9c3c30f4dfd5505ef12d,R2024A,E2020,0,7873,7873,0,0,7873,0,0,0,0.0,0.0,,0.0,,1,1,1,False,1,1
ARE,2024,v3,17707433,b6c4b70bc95f9c3c30f4dfd5505ef12d,R2024A,E2020,0,1231988,1231988,0,440256,791732,0,440256,0,0.0,0.0,,35.73541300726955,0.0,4,1,5,False,1,5
ARG,2024,v3,17707433,b6c4b70bc95f9c3c30f4dfd5505ef12d,R2024A,E2020,0,26998204,26998204,0,25413428,1584776,51637,25361791,51637,0.1912608705379068,0.1912608705379068,100.0,94.13006880013204,0.203187858009553,21,1,108,False,1,108
ARM,2024,v3,17707433,b6c4b70bc95f9c3c30f4dfd5505ef12d,R2024A,E2020,0,971970,971970,0,127398,844572,2,127396,2,0.0002057676677263,0.0002057676677263,100.0,13.107194666502052,0.0015698833576665,3,1,4,False,1,4
ASM,2024,v3,17707433,b6c4b70bc95f9c3c30f4dfd5505ef12d,R2024A,E2020,0,19923,19923,0,0,19923,0,0,0,0.0,0.0,,0.0,,2,1,1,False,1,1
ATF,2024,v3,17707433,b6c4b70bc95f9c3c30f4dfd5505ef12d,R2024A,E2020,0,372,372,0,12,360,0,12,0,0.0,0.0,,3.225806451612903,0.0,4,1,1,False,1,1
ATG,2024,v3,17707433,b6c4b70bc95f9c3c30f4dfd5505ef12d,R2024A,E2020,0,76743,76743,0,0,76743,0,0,0,0.0,0.0,,0.0,,1,1,1,False,1,1
AUS,2024,v3,17707433,b6c4b70bc95f9c3c30f4dfd5505ef12d,R2024A,E2020,0,12713079,12713079,0,12619445,93634,23861,12595584,23861,0.1876886000629745,0.1876886000629745,100.0,99.26348290606862,0.1890812155368164,40,1,51,False,1,51
AUT,2024,v3,17707433,b6c4b70bc95f9c3c30f4dfd5505ef12d,R2024A,E2020,0,4844016,4844016,0,0,4844016,0,0,0,0.0,0.0,,0.0,,3,1,20,False,1,20
AZE,2024,v3,17707433,b6c4b70bc95f9c3c30f4dfd5505ef12d,R2024A,E2020,0,2355373,2355373,0,768371,1587002,370,768001,370,0.0157087645990677,0.0157087645990677,100.0,32.62205179391969,0.0481538215263199,4,1,10,False,1,10
BDI,2024,v3,17707433,b6c4b70bc95f9c3c30f4dfd5505ef12d,R2024A,E2020,0,3654761,3654761,0,0,3654761,0,0,0,0.0,0.0,,0.0,,2,1,15,False,1,15
BEL,2024,v3,17707433,b6c4b70bc95f9c3c30f4dfd5505ef12d,R2024A,E2020,0,7536087,7536087,0,176539,7359548,0,176539,0,0.0,0.0,,2.3425817669037,0.0,4,1,31,False,1,31
BEN,2024,v3,17707433,b6c4b70bc95f9c3c30f4dfd5505ef12d,R2024A,E2020,0,5580835,5580835,0,4310345,1270490,2332,4308013,2332,0.0417858617930829,0.0417858617930829,100.0,77.23476863229249,0.054102397835904,1,1,23,False,1,23
BES,2024,v3,17707433,b6c4b70bc95f9c3c30f4dfd5505ef12d,R2024A,E2020,0,29708,29708,0,0,29708,0,0,0,0.0,0.0,,0.0,,2,1,1,False,1,1
BFA,2024,v3,17707433,b6c4b70bc95f9c3c30f4dfd5505ef12d,R2024A,E2020,0,15185929,15185929,0,13695168,1490761,249695,13445473,249695,1.64425238653493,1.64425238653493,100.0,90.18327426659243,1.823234296943272,4,1,61,False,1,61
BGD,2024,v3,17707433,b6c4b70bc95f9c3c30f4dfd5505ef12d,R2024A,E2020,0,40660192,40660192,0,33437641,7222551,14567,33423074,14567,0.0358261958035023,0.0358261958035023,100.0,82.23680055421283,0.0435646761085807,4,1,163,False,1,163
BGR,2024,v3,17707433,b6c4b70bc95f9c3c30f4dfd5505ef12d,R2024A,E2020,0,4104912,4104912,0,0,4104912,0,0,0,0.0,0.0,,0.0,,2,1,17,False,1,17
BHR,2024,v3,17707433,b6c4b70bc95f9c3c30f4dfd5505ef12d,R2024A,E2020,0,199589,199589,0,0,199589,0,0,0,0.0,0.0,,0.0,,1,1,1,False,1,1
BHS,2024,v3,17707433,b6c4b70bc95f9c3c30f4dfd5505ef12d,R2024A,E2020,0,202865,202865,0,31062,171803,0,31062,0,0.0,0.0,,15.311660463855274,0.0,4,1,1,False,1,1
BIH,2024,v3,17707433,b6c4b70bc95f9c3c30f4dfd5505ef12d,R2024A,E2020,0,2537562,2537562,0,2269164,268398,582,2268582,582,0.0229354001990887,0.0229354001990887,100.0,89.42299734942436,0.0256482122931617,2,1,11,False,1,11
BLM,2024,v3,17707433,b6c4b70bc95f9c3c30f4dfd5505ef12d,R2024A,E2020,0,8940,8940,0,0,8940,0,0,0,0.0,0.0,,0.0,,1,1,1,False,1,1
BLR,2024,v3,17707433,b6c4b70bc95f9c3c30f4dfd5505ef12d,R2024A,E2020,0,6840691,6840691,0,5220940,1619751,668,5220272,668,0.0097650953682895,0.0097650953682895,100.0,76.3218218744276,0.0127946308519155,5,1,28,False,1,28
BLZ,2024,v3,17707433,b6c4b70bc95f9c3c30f4dfd5505ef12d,R2024A,E2020,0,282325,282325,0,0,282325,0,0,0,0.0,0.0,,0.0,,1,1,2,False,1,2
BOL,2024,v3,17707433,b6c4b70bc95f9c3c30f4dfd5505ef12d,R2024A,E2020,0,7701588,7701588,0,7525992,175596,6393,7519599,6393,0.0830088547972184,0.0830088547972184,100.0,97.72000267996678,0.0849456124853707,9,1,31,False,1,31
BRA,2024,v3,17707433,b6c4b70bc95f9c3c30f4dfd5505ef12d,R2024A,E2020,0,115592434,115592434,0,109798606,5793828,128978,109669628,128978,0.1115799672494135,0.1115799672494135,100.0,94.987710008771,0.1174677937167981,44,31,483,False,31,1
BRB,2024,v3,17707433,b6c4b70bc95f9c3c30f4dfd5505ef12d,R2024A,E2020,0,211877,211877,0,0,211877,0,0,0,0.0,0.0,,0.0,,1,1,1,False,1,1
BRN,2024,v3,17707433,b6c4b70bc95f9c3c30f4dfd5505ef12d,R2024A,E2020,0,205011,205011,0,191326,13685,4,191322,4,0.0019511148182292,0.0019511148182292,100.0,93.32474842813312,0.0020906724647983,4,1,1,False,1,1
BTN,2024,v3,17707433,b6c4b70bc95f9c3c30f4dfd5505ef12d,R2024A,E2020,0,432821,432821,0,0,432821,0,0,0,0.0,0.0,,0.0,,2,1,2,False,1,2
BWA,2024,v3,17707433,b6c4b70bc95f9c3c30f4dfd5505ef12d,R2024A,E2020,0,2635870,2635870,0,2425238,210632,1073,2424165,1073,0.04070762215132,0.04070762215132,100.0,92.00901410160591,0.0442430804729267,7,1,11,False,1,11
CAF,2024,v3,17707433,b6c4b70bc95f9c3c30f4dfd5505ef12d,R2024A,E2020,0,2220505,2220505,0,1355813,864692,77088,1278725,77088,3.471642711905625,3.471642711905625,100.0,61.05876816309804,5.685739847604353,9,1,9,False,1,9
CAN,2024,v3,17707433,b6c4b70bc95f9c3c30f4dfd5505ef12d,R2024A,E2020,0,13873609,13873609,0,13702334,171275,250,13702084,250,0.0018019824546013,0.0018019824546013,100.0,98.76546182035258,0.0018245066862331,106,1,56,False,1,56
CHE,2024,v3,17707433,b6c4b70bc95f9c3c30f4dfd5505ef12d,R2024A,E2020,0,2866499,2866499,0,0,2866499,0,0,0,0.0,0.0,,0.0,,2,1,12,False,1,12
CHL,2024,v3,17707433,b6c4b70bc95f9c3c30f4dfd5505ef12d,R2024A,E2020,0,11329216,11329216,0,11139946,189270,50813,11089133,50813,0.4485129421135584,0.4485129421135584,100.0,98.32936365587877,0.4561332703049009,15,1,46,False,1,46
CHN,2024,v3,17707433,b6c4b70bc95f9c3c30f4dfd5505ef12d,R2024A,E2020,0,5428385,5428385,0,5370548,57837,403,5370145,403,0.0074239391642265,0.0074239391642265,100.0,98.93454498897924,0.0075038897334126,62,1,22,False,1,22
CIV,2024,v3,17707433,b6c4b70bc95f9c3c30f4dfd5505ef12d,R2024A,E2020,0,9816468,9816468,0,3193250,6623218,1041,3192209,1041,0.0106046288746624,0.0106046288746624,100.0,32.529520801168,0.0326000156580286,2,1,40,False,1,40
CMR,2024,v3,17707433,b6c4b70bc95f9c3c30f4dfd5505ef12d,R2024A,E2020,0,10049334,10049334,0,7464959,2584375,92012,7372947,92012,0.915602964335746,0.915602964335746,100.0,74.28312164766342,1.232585470328772,8,1,41,False,1,41
COD,2024,v3,17707433,b6c4b70bc95f9c3c30f4dfd5505ef12d,R2024A,E2020,0,25769294,25769294,0,22998157,2771137,1912450,21085707,1912450,7.421429550999728,7.421429550999728,100.0,89.24636041639324,8.315666337959168,18,1,104,False,1,104
COG,2024,v3,17707433,b6c4b70bc95f9c3c30f4dfd5505ef12d,R2024A,E2020,0,1608864,1608864,0,1496492,112372,46690,1449802,46690,2.9020476559858386,2.9020476559858386,100.0,93.01544443781452,3.119963220652032,5,1,7,False,1,7
COK,2024,v3,17707433,b6c4b70bc95f9c3c30f4dfd5505ef12d,R2024A,E2020,0,11707,11707,0,7702,4005,0,7702,0,0.0,0.0,,65.78969847100025,0.0,2,1,1,False,1,1
COL,2024,v3,17707433,b6c4b70bc95f9c3c30f4dfd5505ef12d,R2024A,E2020,0,14372282,14372282,0,12653133,1719149,3123,12650010,3123,0.0217293259344619,0.0217293259344619,100.0,88.0384409379109,0.024681634184988,14,1,58,False,1,58
COM,2024,v3,17707433,b6c4b70bc95f9c3c30f4dfd5505ef12d,R2024A,E2020,0,251047,251047,0,0,251047,0,0,0,0.0,0.0,,0.0,,1,1,2,False,1,2
CPV,2024,v3,17707433,b6c4b70bc95f9c3c30f4dfd5505ef12d,R2024A,E2020,0,210337,210337,0,67766,142571,371,67395,371,0.1763836129639578,0.1763836129639578,100.0,32.21782187632228,0.5474721836909364,1,1,1,False,1,1
CRI,2024,v3,17707433,b6c4b70bc95f9c3c30f4dfd5505ef12d,R2024A,E2020,0,2641519,2641519,0,1440619,1200900,296,1440323,296,0.0112056737051673,0.0112056737051673,100.0,54.53752178197469,0.0205467233182402,3,1,11,False,1,11
CUB,2024,v3,17707433,b6c4b70bc95f9c3c30f4dfd5505ef12d,R2024A,E2020,0,4417764,4417764,0,70572,4347192,0,70572,0,0.0,0.0,,1.5974597103874268,0.0,5,1,18,False,1,18
CUW,2024,v3,17707433,b6c4b70bc95f9c3c30f4dfd5505ef12d,R2024A,E2020,0,142053,142053,0,0,142053,0,0,0,0.0,0.0,,0.0,,1,1,1,False,1,1
CYM,2024,v3,17707433,b6c4b70bc95f9c3c30f4dfd5505ef12d,R2024A,E2020,0,41641,41641,0,0,41641,0,0,0,0.0,0.0,,0.0,,2,1,1,False,1,1
CYP,2024,v3,17707433,b6c4b70bc95f9c3c30f4dfd5505ef12d,R2024A,E2020,0,524196,524196,0,332681,191515,144,332537,144,0.0274706407526955,0.0274706407526955,100.0,63.46500164060771,0.0432847081738963,2,1,3,False,1,3
CZE,2024,v3,17707433,b6c4b70bc95f9c3c30f4dfd5505ef12d,R2024A,E2020,0,6579115,6579115,0,4213061,2366054,72,4212989,72,0.0010943721153984,0.0010943721153984,100.0,64.03689553990165,0.0017089712206872,4,1,27,False,1,27
DEU,2024,v3,17707433,b6c4b70bc95f9c3c30f4dfd5505ef12d,R2024A,E2020,0,44109854,44109854,0,31251047,12858807,431,31250616,431,0.0009771059319307,0.0009771059319307,100.0,70.84822135208155,0.0013791537928313,6,1,177,False,1,177
DJI,2024,v3,17707433,b6c4b70bc95f9c3c30f4dfd5505ef12d,R2024A,E2020,0,247315,247315,0,0,247315,0,0,0,0.0,0.0,,0.0,,1,1,1,False,1,1
DMA,2024,v3,17707433,b6c4b70bc95f9c3c30f4dfd5505ef12d,R2024A,E2020,0,59636,59636,0,0,59636,0,0,0,0.0,0.0,,0.0,,1,1,1,False,1,1
DNK,2024,v3,17707433,b6c4b70bc95f9c3c30f4dfd5505ef12d,R2024A,E2020,0,4298512,4298512,0,246480,4052032,6,246474,6,0.0001395831859955,0.0001395831859955,100.0,5.734077280696204,0.0024342745861733,6,1,18,False,1,18
DOM,2024,v3,17707433,b6c4b70bc95f9c3c30f4dfd5505ef12d,R2024A,E2020,0,3954342,3954342,0,0,3954342,0,0,0,0.0,0.0,,0.0,,2,1,16,False,1,16
DZA,2024,v3,17707433,b6c4b70bc95f9c3c30f4dfd5505ef12d,R2024A,E2020,0,13233747,13233747,0,3531001,9702746,11,3530990,11,8.312082738169318e-05,8.312082738169318e-05,100.0,26.681793145962363,0.0003115263915246,18,1,53,False,1,53
ECU,2024,v3,17707433,b6c4b70bc95f9c3c30f4dfd5505ef12d,R2024A,E2020,0,7807678,7807678,0,6911526,896152,40870,6870656,40870,0.5234590873240418,0.5234590873240418,100.0,88.52217009974028,0.5913310606080336,7,1,32,False,1,32
EGY,2024,v3,17707433,b6c4b70bc95f9c3c30f4dfd5505ef12d,R2024A,E2020,0,17836744,17836744,0,7455710,10381034,126,7455584,126,0.0007064069540943,0.0007064069540943,100.0,41.79972533103575,0.0016899798946042,10,1,72,False,1,72
ERI,2024,v3,17707433,b6c4b70bc95f9c3c30f4dfd5505ef12d,R2024A,E2020,0,1431221,1431221,0,507663,923558,133,507530,133,0.0092927647092936,0.0092927647092936,100.0,35.470622636196644,0.0261984820638888,4,1,6,False,1,6
ESH,2024,v3,17707433,b6c4b70bc95f9c3c30f4dfd5505ef12d,R2024A,E2020,0,55496,55496,0,3721,51775,0,3721,0,0.0,0.0,,6.704987746864639,0.0,4,1,1,False,1,1
ESP,2024,v3,17707433,b6c4b70bc95f9c3c30f4dfd5505ef12d,R2024A,E2020,0,9175330,9175330,0,2826403,6348927,1651,2824752,1651,0.01799390321656,0.01799390321656,100.0,30.80437433857965,0.0584134675769874,8,1,37,False,1,37
EST,2024,v3,17707433,b6c4b70bc95f9c3c30f4dfd5505ef12d,R2024A,E2020,0,1133211,1133211,0,0,1133211,0,0,0,0.0,0.0,,0.0,,2,1,5,False,1,5
ETH,2024,v3,17707433,b6c4b70bc95f9c3c30f4dfd5505ef12d,R2024A,E2020,0,36334125,36334125,0,25536063,10798062,134961,25401102,134961,0.3714442001837116,0.3714442001837116,100.0,70.28121084517655,0.5285113840767075,8,1,146,False,1,146
FIN,2024,v3,17707433,b6c4b70bc95f9c3c30f4dfd5505ef12d,R2024A,E2020,0,6825738,6825738,0,6652358,173380,22,6652336,22,0.0003223094704191,0.0003223094704191,100.0,97.45990836448748,0.0003307098024489,10,1,28,False,1,28
FJI,2024,v3,17707433,b6c4b70bc95f9c3c30f4dfd5505ef12d,R2024A,E2020,0,270809,270809,0,263001,7808,135,262866,135,0.0498506327337717,0.0498506327337717,100.0,97.11678710825711,0.0513306033056908,2,1,2,False,1,2
FRA,2024,v3,17707433,b6c4b70bc95f9c3c30f4dfd5505ef12d,R2024A,E2020,0,53303106,53303106,0,32941766,20361340,12945,32928821,12945,0.0242856391895811,0.0242856391895811,100.0,61.80083764724705,0.0392966181594514,8,1,214,False,1,214
FRO,2024,v3,17707433,b6c4b70bc95f9c3c30f4dfd5505ef12d,R2024A,E2020,0,42019,42019,0,0,42019,0,0,0,0.0,0.0,,0.0,,1,1,1,False,1,1
FSM,2024,v3,17707433,b6c4b70bc95f9c3c30f4dfd5505ef12d,R2024A,E2020,0,28030,28030,0,0,28030,0,0,0,0.0,0.0,,0.0,,1,1,1,False,1,1
GAB,2024,v3,17707433,b6c4b70bc95f9c3c30f4dfd5505ef12d,R2024A,E2020,0,820028,820028,0,328560,491468,2214,326346,2214,0.2699907808026067,0.2699907808026067,100.0,40.06692454403996,0.6738495252008766,3,1,4,False,1,4
GBR,2024,v3,17707433,b6c4b70bc95f9c3c30f4dfd5505ef12d,R2024A,E2020,0,23923896,23923896,0,797022,23126874,0,797022,0,0.0,0.0,,3.331489152101313,0.0,5,1,96,False,1,96
GEO,2024,v3,17707433,b6c4b70bc95f9c3c30f4dfd5505ef12d,R2024A,E2020,0,1435779,1435779,0,0,1435779,0,0,0,0.0,0.0,,0.0,,2,1,6,False,1,6
GGY,2024,v3,17707433,b6c4b70bc95f9c3c30f4dfd5505ef12d,R2024A,E2020,0,12769,12769,0,0,12769,0,0,0,0.0,0.0,,0.0,,1,1,1,False,1,1
GHA,2024,v3,17707433,b6c4b70bc95f9c3c30f4dfd5505ef12d,R2024A,E2020,0,12459501,12459501,0,11090221,1369280,30815,11059406,30815,0.247321301230282,0.247321301230282,100.0,89.01015377742657,0.2778574024809785,3,1,50,False,1,50
GIB,2024,v3,17707433,b6c4b70bc95f9c3c30f4dfd5505ef12d,R2024A,E2020,0,2371,2371,0,0,2371,0,0,0,0.0,0.0,,0.0,,1,1,1,False,1,1
GIN,2024,v3,17707433,b6c4b70bc95f9c3c30f4dfd5505ef12d,R2024A,E2020,0,5523102,5523102,0,1289131,4233971,21170,1267961,21170,0.3832990953272273,0.3832990953272273,100.0,23.340706001808403,1.642191522816533,1,1,23,False,1,23
GLP,2024,v3,17707433,b6c4b70bc95f9c3c30f4dfd5505ef12d,R2024A,E2020,0,518734,518734,0,0,518734,0,0,0,0.0,0.0,,0.0,,1,1,3,False,1,3
GMB,2024,v3,17707433,b6c4b70bc95f9c3c30f4dfd5505ef12d,R2024A,E2020,0,717623,717623,0,0,717623,0,0,0,0.0,0.0,,0.0,,1,1,3,False,1,3
GNB,2024,v3,17707433,b6c4b70bc95f9c3c30f4dfd5505ef12d,R2024A,E2020,0,450166,450166,0,0,450166,0,0,0,0.0,0.0,,0.0,,1,1,2,False,1,2
GNQ,2024,v3,17707433,b6c4b70bc95f9c3c30f4dfd5505ef12d,R2024A,E2020,0,315625,315625,0,2499,313126,0,2499,0,0.0,0.0,,0.7917623762376238,0.0,2,1,2,False,1,2
GRC,2024,v3,17707433,b6c4b70bc95f9c3c30f4dfd5505ef12d,R2024A,E2020,0,6031435,6031435,0,4389222,1642213,46647,4342575,46647,0.7733980387751836,0.7733980387751836,100.0,72.77243309428022,1.06276237565564,7,1,25,False,1,25
GRD,2024,v3,17707433,b6c4b70bc95f9c3c30f4dfd5505ef12d,R2024A,E2020,0,81674,81674,0,0,81674,0,0,0,0.0,0.0,,0.0,,1,1,1,False,1,1
GRL,2024,v3,17707433,b6c4b70bc95f9c3c30f4dfd5505ef12d,R2024A,E2020,0,20550,20550,0,19504,1046,0,19504,0,0.0,0.0,,94.90997566909977,0.0,21,1,1,False,1,1
GTM,2024,v3,17707433,b6c4b70bc95f9c3c30f4dfd5505ef12d,R2024A,E2020,0,8546333,8546333,0,5185101,3361232,3408,5181693,3408,0.0398767518185869,0.0398767518185869,100.0,60.670477033834274,0.0657267814069581,3,1,35,False,1,35
GUF,2024,v3,17707433,b6c4b70bc95f9c3c30f4dfd5505ef12d,R2024A,E2020,0,175894,175894,0,106721,69173,5,106716,5,0.002842621124086,0.002842621124086,100.0,60.67347379671848,0.0046851135203005,2,1,1,False,1,1
GUY,2024,v3,17707433,b6c4b70bc95f9c3c30f4dfd5505ef12d,R2024A,E2020,0,427369,427369,0,17840,409529,23,17817,23,0.0053817661084449,0.0053817661084449,100.0,4.174378581506848,0.1289237668161435,4,1,2,False,1,2
HND,2024,v3,17707433,b6c4b70bc95f9c3c30f4dfd5505ef12d,R2024A,E2020,0,4029596,4029596,0,2409766,1619830,807,2408959,807,0.020026821547371,0.020026821547371,100.0,59.8016773889988,0.0334887287811347,4,1,17,False,1,17
HRV,2024,v3,17707433,b6c4b70bc95f9c3c30f4dfd5505ef12d,R2024A,E2020,0,2956492,2956492,0,743561,2212931,1959,741602,1959,0.0662609606249568,0.0662609606249568,100.0,25.150110333462766,0.263461908303421,4,1,12,False,1,12
HTI,2024,v3,17707433,b6c4b70bc95f9c3c30f4dfd5505ef12d,R2024A,E2020,0,4176742,4176742,0,4159044,17698,147,4158897,147,0.0035194895926059,0.0035194895926059,100.0,99.5762726067351,0.0035344660936503,2,1,17,False,1,17
HUN,2024,v3,17707433,b6c4b70bc95f9c3c30f4dfd5505ef12d,R2024A,E2020,0,5954981,5954981,0,0,5954981,0,0,0,0.0,0.0,,0.0,,2,1,24,False,1,24
IDN,2024,v3,17707433,b6c4b70bc95f9c3c30f4dfd5505ef12d,R2024A,E2020,0,110964695,110964695,0,100124749,10839946,7896,100116853,7896,0.007115776779272,0.007115776779272,100.0,90.23117578072916,0.0078861620916522,26,36,460,False,36,9
IND,2024,v3,17707433,b6c4b70bc95f9c3c30f4dfd5505ef12d,R2024A,E2020,0,433364203,433364203,0,382200766,51163437,173813,382026953,173813,0.040107835118075,0.040107835118075,100.0,88.19389403974375,0.0454768842613988,24,37,1755,False,37,1
IRL,2024,v3,17707433,b6c4b70bc95f9c3c30f4dfd5505ef12d,R2024A,E2020,0,3563618,3563618,0,3435807,127811,4,3435803,4,0.0001122454763669,0.0001122454763669,100.0,96.41344835501448,0.000116420974752,2,1,15,False,1,15
IRN,2024,v3,17707433,b6c4b70bc95f9c3c30f4dfd5505ef12d,R2024A,E2020,0,10713712,10713712,0,1435935,9277777,15,1435920,15,0.0001400074969347,0.0001400074969347,100.0,13.40277767406852,0.0010446155292544,10,1,43,False,1,43
IRQ,2024,v3,17707433,b6c4b70bc95f9c3c30f4dfd5505ef12d,R2024A,E2020,0,8273500,8273500,0,4089399,4184101,0,4089399,0,0.0,0.0,,49.42767873330513,0.0,5,1,34,False,1,34
ISL,2024,v3,17707433,b6c4b70bc95f9c3c30f4dfd5505ef12d,R2024A,E2020,0,267348,267348,0,178957,88391,39,178918,39,0.0145877283540553,0.0145877283540553,100.0,66.93784879632538,0.0217929446738602,3,1,2,False,1,2
ISR,2024,v3,17707433,b6c4b70bc95f9c3c30f4dfd5505ef12d,R2024A,E2020,0,1398120,1398120,0,11357,1386763,0,11357,0,0.0,0.0,,0.8123050954138414,0.0,4,1,6,False,1,6
ITA,2024,v3,17707433,b6c4b70bc95f9c3c30f4dfd5505ef12d,R2024A,E2020,0,21350501,21350501,0,12214483,9136018,23149,12191334,23149,0.1084236852334284,0.1084236852334284,100.0,57.20935073139501,0.1895209154574942,8,1,86,False,1,86
JAM,2024,v3,17707433,b6c4b70bc95f9c3c30f4dfd5505ef12d,R2024A,E2020,0,1581015,1581015,0,0,1581015,0,0,0,0.0,0.0,,0.0,,1,1,7,False,1,7
JEY,2024,v3,17707433,b6c4b70bc95f9c3c30f4dfd5505ef12d,R2024A,E2020,0,9139,9139,0,0,9139,0,0,0,0.0,0.0,,0.0,,1,1,1,False,1,1
JOR,2024,v3,17707433,b6c4b70bc95f9c3c30f4dfd5505ef12d,R2024A,E2020,0,1218815,1218815,0,35153,1183662,0,35153,0,0.0,0.0,,2.884194894221026,0.0,3,1,5,False,1,5
JPN,2024,v3,17707433,b6c4b70bc95f9c3c30f4dfd5505ef12d,R2024A,E2020,0,49679737,49679737,0,48246730,1433007,340,48246390,340,0.0006843836552516,0.0006843836552516,100.0,97.115510092173,0.0007047109721218,9,1,199,False,1,199
KAZ,2024,v3,17707433,b6c4b70bc95f9c3c30f4dfd5505ef12d,R2024A,E2020,0,7628070,7628070,0,5871240,1756830,5830,5865410,5830,0.0764282446280645,0.0764282446280645,100.0,76.96887941510762,0.0992975930127196,27,1,31,False,1,31
KEN,2024,v3,17707433,b6c4b70bc95f9c3c30f4dfd5505ef12d,R2024A,E2020,0,27130946,27130946,0,18508810,8622136,13352,18495458,13352,0.0492131752427652,0.0492131752427652,100.0,68.22028984908967,0.0721386193926027,5,1,109,False,1,109
KGZ,2024,v3,17707433,b6c4b70bc95f9c3c30f4dfd5505ef12d,R2024A,E2020,0,2195708,2195708,0,77971,2117737,1,77970,1,4.554339648077067e-05,4.554339648077067e-05,100.0,3.5510641670021696,0.001282528119429,6,1,9,False,1,9
KHM,2024,v3,17707433,b6c4b70bc95f9c3c30f4dfd5505ef12d,R2024A,E2020,0,8452632,8452632,0,37,8452595,0,37,0,0.0,0.0,,0.0004377334775724,0.0,3,1,34,False,1,34
KIR,2024,v3,17707433,b6c4b70bc95f9c3c30f4dfd5505ef12d,R2024A,E2020,0,47314,47314,0,0,47314,0,0,0,0.0,0.0,,0.0,,2,1,1,False,1,1
KNA,2024,v3,17707433,b6c4b70bc95f9c3c30f4dfd5505ef12d,R2024A,E2020,0,43866,43866,0,0,43866,0,0,0,0.0,0.0,,0.0,,1,1,1,False,1,1
KOR,2024,v3,17707433,b6c4b70bc95f9c3c30f4dfd5505ef12d,R2024A,E2020,0,907417,907417,0,80948,826469,0,80948,0,0.0,0.0,,8.920705695396935,0.0,4,1,4,False,1,4
KWT,2024,v3,17707433,b6c4b70bc95f9c3c30f4dfd5505ef12d,R2024A,E2020,0,228652,228652,0,210274,18378,0,210274,0,0.0,0.0,,91.9624582334727,0.0,1,1,1,False,1,1
LAO,2024,v3,17707433,b6c4b70bc95f9c3c30f4dfd5505ef12d,R2024A,E2020,0,4777408,4777408,0,2639477,2137931,3586,2635891,3586,0.0750616233740136,0.0750616233740136,100.0,55.24914346859217,0.1358602480718718,4,1,20,False,1,20
LBN,2024,v3,17707433,b6c4b70bc95f9c3c30f4dfd5505ef12d,R2024A,E2020,0,1113995,1113995,0,0,1113995,0,0,0,0.0,0.0,,0.0,,1,1,5,False,1,5
LBY,2024,v3,17707433,b6c4b70bc95f9c3c30f4dfd5505ef12d,R2024A,E2020,0,2808920,2808920,0,42933,2765987,0,42933,0,0.0,0.0,,1.52845221651026,0.0,14,1,12,False,1,12
LCA,2024,v3,17707433,b6c4b70bc95f9c3c30f4dfd5505ef12d,R2024A,E2020,0,102609,102609,0,0,102609,0,0,0,0.0,0.0,,0.0,,1,1,1,False,1,1
LIE,2024,v3,17707433,b6c4b70bc95f9c3c30f4dfd5505ef12d,R2024A,E2020,0,18373,18373,0,0,18373,0,0,0,0.0,0.0,,0.0,,1,1,1,False,1,1
LSO,2024,v3,17707433,b6c4b70bc95f9c3c30f4dfd5505ef12d,R2024A,E2020,0,1648491,1648491,0,248176,1400315,511,247665,511,0.03099804609185,0.03099804609185,100.0,15.054737939121294,0.2059022629101927,1,1,7,False,1,7
LTU,2024,v3,17707433,b6c4b70bc95f9c3c30f4dfd5505ef12d,R2024A,E2020,0,2519751,2519751,0,1036352,1483399,11,1036341,11,0.0004365510719114,0.0004365510719114,100.0,41.129143316145125,0.0010614154264188,4,1,11,False,1,11
LUX,2024,v3,17707433,b6c4b70bc95f9c3c30f4dfd5505ef12d,R2024A,E2020,0,226721,226721,0,214463,12258,0,214463,0,0.0,0.0,,94.59335482818088,0.0,2,1,1,False,1,1
LVA,2024,v3,17707433,b6c4b70bc95f9c3c30f4dfd5505ef12d,R2024A,E2020,0,1381245,1381245,0,0,1381245,0,0,0,0.0,0.0,,0.0,,2,1,6,False,1,6
MAF,2024,v3,17707433,b6c4b70bc95f9c3c30f4dfd5505ef12d,R2024A,E2020,0,22525,22525,0,0,22525,0,0,0,0.0,0.0,,0.0,,1,1,1,False,1,1
MAR,2024,v3,17707433,b6c4b70bc95f9c3c30f4dfd5505ef12d,R2024A,E2020,0,4156898,4156898,0,3348347,808551,2422,3345925,2422,0.0582646001898531,0.0582646001898531,100.0,80.54917392728905,0.0723341995318884,8,1,17,False,1,17
MCO,2024,v3,17707433,b6c4b70bc95f9c3c30f4dfd5505ef12d,R2024A,E2020,0,1279,1279,0,0,1279,0,0,0,0.0,0.0,,0.0,,1,1,1,False,1,1
MDA,2024,v3,17707433,b6c4b70bc95f9c3c30f4dfd5505ef12d,R2024A,E2020,0,2418288,2418288,0,0,2418288,0,0,0,0.0,0.0,,0.0,,2,1,10,False,1,10
MDG,2024,v3,17707433,b6c4b70bc95f9c3c30f4dfd5505ef12d,R2024A,E2020,0,12438263,12438263,0,10248314,2189949,47517,10200797,47517,0.3820227953051001,0.3820227953051001,100.0,82.39344995358275,0.4636567536865088,5,1,50,False,1,50
MDV,2024,v3,17707433,b6c4b70bc95f9c3c30f4dfd5505ef12d,R2024A,E2020,0,150289,150289,0,96749,53540,0,96749,0,0.0,0.0,,64.37530358176579,0.0,3,1,1,False,1,1
MEX,2024,v3,17707433,b6c4b70bc95f9c3c30f4dfd5505ef12d,R2024A,E2020,0,70606070,70606070,0,63626770,6979300,27236,63599534,27236,0.0385745871424369,0.0385745871424369,100.0,90.11515582158871,0.0428058818638758,16,33,302,False,33,7
MHL,2024,v3,17707433,b6c4b70bc95f9c3c30f4dfd5505ef12d,R2024A,E2020,0,9342,9342,0,8555,787,0,8555,0,0.0,0.0,,91.57567972596874,0.0,3,1,1,False,1,1
MKD,2024,v3,17707433,b6c4b70bc95f9c3c30f4dfd5505ef12d,R2024A,E2020,0,782243,782243,0,0,782243,0,0,0,0.0,0.0,,0.0,,1,1,4,False,1,4
MLI,2024,v3,17707433,b6c4b70bc95f9c3c30f4dfd5505ef12d,R2024A,E2020,0,6181249,6181249,0,6102146,79103,11970,6090176,11970,0.1936501829969962,0.1936501829969962,100.0,98.72027481824466,0.1961604982902736,10,1,25,False,1,25
MLT,2024,v3,17707433,b6c4b70bc95f9c3c30f4dfd5505ef12d,R2024A,E2020,0,75626,75626,0,0,75626,0,0,0,0.0,0.0,,0.0,,1,1,1,False,1,1
MMR,2024,v3,17707433,b6c4b70bc95f9c3c30f4dfd5505ef12d,R2024A,E2020,0,10733541,10733541,0,10376717,356824,19557,10357160,19557,0.1822045492722299,0.1822045492722299,100.0,96.67561711461298,0.1884700141672939,10,1,43,False,1,43
MNE,2024,v3,17707433,b6c4b70bc95f9c3c30f4dfd5505ef12d,R2024A,E2020,0,376271,376271,0,0,376271,0,0,0,0.0,0.0,,0.0,,2,1,2,False,1,2
MNG,2024,v3,17707433,b6c4b70bc95f9c3c30f4dfd5505ef12d,R2024A,E2020,0,734921,734921,0,718233,16688,63,718170,63,0.0085723499532602,0.0085723499532602,100.0,97.72927974571417,0.0087715267886605,19,1,3,False,1,3
MNP,2024,v3,17707433,b6c4b70bc95f9c3c30f4dfd5505ef12d,R2024A,E2020,0,15632,15632,0,15632,0,3,15629,3,0.0191914022517912,0.0191914022517912,100.0,100.0,0.0191914022517912,2,1,1,False,1,1
MOZ,2024,v3,17707433,b6c4b70bc95f9c3c30f4dfd5505ef12d,R2024A,E2020,0,18196231,18196231,0,13958453,4237778,633400,13325053,633400,3.4809406409492163,3.4809406409492163,100.0,76.71068255838256,4.537752142017457,8,1,73,False,1,73
MRT,2024,v3,17707433,b6c4b70bc95f9c3c30f4dfd5505ef12d,R2024A,E2020,0,2485519,2485519,0,2422538,62981,158,2422380,158,0.0063568212514167,0.0063568212514167,100.0,97.46608253648434,0.0065220855152736,11,1,10,False,1,10
MSR,2024,v3,17707433,b6c4b70bc95f9c3c30f4dfd5505ef12d,R2024A,E2020,0,6943,6943,0,0,6943,0,0,0,0.0,0.0,,0.0,,1,1,1,False,1,1
MTQ,2024,v3,17707433,b6c4b70bc95f9c3c30f4dfd5505ef12d,R2024A,E2020,0,409059,409059,0,0,409059,0,0,0,0.0,0.0,,0.0,,1,1,2,False,1,2
MUS,2024,v3,17707433,b6c4b70bc95f9c3c30f4dfd5505ef12d,R2024A,E2020,0,505432,505432,0,476495,28937,1121,475374,1121,0.2217904683518257,0.2217904683518257,100.0,94.27479858813848,0.235259551516805,2,1,3,False,1,3
MWI,2024,v3,17707433,b6c4b70bc95f9c3c30f4dfd5505ef12d,R2024A,E2020,0,10569714,10569714,0,9395487,1174227,133176,9262311,133176,1.2599773276741453,1.2599773276741453,100.0,88.8906454800953,1.417446482550612,5,1,43,False,1,43
MYS,2024,v3,17707433,b6c4b70bc95f9c3c30f4dfd5505ef12d,R2024A,E2020,0,10504664,10504664,0,6767255,3737409,172,6767083,172,0.0016373679348525,0.0016373679348525,100.0,64.42143223238745,0.0025416509352758,7,1,43,False,1,43
MYT,2024,v3,17707433,b6c4b70bc95f9c3c30f4dfd5505ef12d,R2024A,E2020,0,92160,92160,0,0,92160,0,0,0,0.0,0.0,,0.0,,1,1,1,False,1,1
NAM,2024,v3,17707433,b6c4b70bc95f9c3c30f4dfd5505ef12d,R2024A,E2020,0,3200711,3200711,0,834885,2365826,136,834749,136,0.0042490559128893,0.0042490559128893,100.0,26.084360631122276,0.0162896686369979,9,1,13,False,1,13
NCL,2024,v3,17707433,b6c4b70bc95f9c3c30f4dfd5505ef12d,R2024A,E2020,0,79559,79559,0,0,79559,0,0,0,0.0,0.0,,0.0,,1,1,1,False,1,1
NER,2024,v3,17707433,b6c4b70bc95f9c3c30f4dfd5505ef12d,R2024A,E2020,0,9630014,9630014,0,9496596,133418,1623,9494973,1623,0.0168535580529789,0.0168535580529789,100.0,98.6145606849585,0.0170903342629295,10,1,39,False,1,39
NGA,2024,v3,17707433,b6c4b70bc95f9c3c30f4dfd5505ef12d,R2024A,E2020,0,65060774,65060774,0,37573883,27486891,111389,37462494,111389,0.1712076158208631,0.1712076158208631,100.0,57.751976636490674,0.2964532571733403,6,38,278,False,38,8
NIC,2024,v3,17707433,b6c4b70bc95f9c3c30f4dfd5505ef12d,R2024A,E2020,0,2607366,2607366,0,376179,2231187,244,375935,244,0.0093581031585132,0.0093581031585132,100.0,14.42754872158339,0.0648627382177101,3,1,11,False,1,11
NLD,2024,v3,17707433,b6c4b70bc95f9c3c30f4dfd5505ef12d,R2024A,E2020,0,11752316,11752316,0,0,11752316,0,0,0,0.0,0.0,,0.0,,2,1,48,False,1,48
NOR,2024,v3,17707433,b6c4b70bc95f9c3c30f4dfd5505ef12d,R2024A,E2020,0,5224319,5224319,0,3680765,1543554,15,3680750,15,0.000287118761316,0.000287118761316,100.0,70.45444583303585,0.0004075239793901,18,1,21,False,1,21
NPL,2024,v3,17707433,b6c4b70bc95f9c3c30f4dfd5505ef12d,R2024A,E2020,0,13479699,13479699,0,6633202,6846497,2178,6631024,2178,0.0161576308195012,0.0161576308195012,100.0,49.20882877280865,0.0328348209507263,3,1,54,False,1,54
NZL,2024,v3,17707433,b6c4b70bc95f9c3c30f4dfd5505ef12d,R2024A,E2020,0,3495543,3495543,0,2544448,951095,345,2544103,345,0.0098697112294141,0.0098697112294141,100.0,72.79120869060972,0.0135589330180848,7,1,14,False,1,14
OMN,2024,v3,17707433,b6c4b70bc95f9c3c30f4dfd5505ef12d,R2024A,E2020,0,602943,602943,0,482273,120670,0,482273,0,0.0,0.0,,79.98649955302574,0.0,3,1,3,False,1,3
PAK,2024,v3,17707433,b6c4b70bc95f9c3c30f4dfd5505ef12d,R2024A,E2020,0,59134838,59134838,0,55519745,3615093,3869,55515876,3869,0.0065426745567477,0.0065426745567477,100.0,93.88669501385968,0.0069686919491434,8,9,241,False,9,1
PAN,2024,v3,17707433,b6c4b70bc95f9c3c30f4dfd5505ef12d,R2024A,E2020,0,1876721,1876721,0,0,1876721,0,0,0,0.0,0.0,,0.0,,2,1,8,False,1,8
PCN,2024,v3,17707433,b6c4b70bc95f9c3c30f4dfd5505ef12d,R2024A,E2020,0,164,164,0,164,0,0,164,0,0.0,0.0,,100.0,0.0,1,1,1,False,1,1
PER,2024,v3,17707433,b6c4b70bc95f9c3c30f4dfd5505ef12d,R2024A,E2020,0,17961563,17961563,0,16845449,1116114,9666,16835783,9666,0.0538149157731985,0.0538149157731985,100.0,93.7860975684577,0.05738048300167,11,1,72,False,1,72
PHL,2024,v3,17707433,b6c4b70bc95f9c3c30f4dfd5505ef12d,R2024A,E2020,0,34413619,34413619,0,33654813,758806,8284,33646529,8284,0.0240718652693865,0.0240718652693865,100.0,97.79504155026532,0.0246146071291497,12,1,138,False,1,138
PLW,2024,v3,17707433,b6c4b70bc95f9c3c30f4dfd5505ef12d,R2024A,E2020,0,4377,4377,0,0,4377,0,0,0,0.0,0.0,,0.0,,1,1,1,False,1,1
PNG,2024,v3,17707433,b6c4b70bc95f9c3c30f4dfd5505ef12d,R2024A,E2020,0,627012,627012,0,324362,302650,9,324353,9,0.0014353792271918,0.0014353792271918,100.0,51.731386321154936,0.0027746776749434,9,1,3,False,1,3
POL,2024,v3,17707433,b6c4b70bc95f9c3c30f4dfd5505ef12d,R2024A,E2020,0,22650014,22650014,0,2247658,20402356,5,2247653,5,2.207504154302068e-05,2.207504154302068e-05,100.0,9.923428744900557,0.0002224537718816,5,1,91,False,1,91
PRI,2024,v3,17707433,b6c4b70bc95f9c3c30f4dfd5505ef12d,R2024A,E2020,0,2255053,2255053,0,0,2255053,0,0,0,0.0,0.0,,0.0,,1,1,10,False,1,10
PRK,2024,v3,17707433,b6c4b70bc95f9c3c30f4dfd5505ef12d,R2024A,E2020,0,828321,828321,0,629124,199197,4,629120,4,0.0004829045744343,0.0004829045744343,100.0,75.9517143716023,0.0006358047062264,5,1,4,False,1,4
PRT,2024,v3,17707433,b6c4b70bc95f9c3c30f4dfd5505ef12d,R2024A,E2020,0,6467274,6467274,0,2778649,3688625,3141,2775508,3141,0.0485676035992908,0.0485676035992908,100.0,42.96476382475832,0.1130405459631641,3,1,26,False,1,26
PRY,2024,v3,17707433,b6c4b70bc95f9c3c30f4dfd5505ef12d,R2024A,E2020,0,4275696,4275696,0,4179967,95729,15088,4164879,15088,0.3528782214638272,0.3528782214638272,100.0,97.7610896565144,0.3609597874815758,7,1,18,False,1,18
PSE,2024,v3,17707433,b6c4b70bc95f9c3c30f4dfd5505ef12d,R2024A,E2020,0,1022539,1022539,0,0,1022539,0,0,0,0.0,0.0,,0.0,,2,1,5,False,1,5
PYF,2024,v3,17707433,b6c4b70bc95f9c3c30f4dfd5505ef12d,R2024A,E2020,0,111433,111433,0,89416,22017,0,89416,0,0.0,0.0,,80.24193910242029,0.0,2,1,1,False,1,1
QAT,2024,v3,17707433,b6c4b70bc95f9c3c30f4dfd5505ef12d,R2024A,E2020,0,541073,541073,0,16325,524748,0,16325,0,0.0,0.0,,3.017152953483172,0.0,2,1,3,False,1,3
ROU,2024,v3,17707433,b6c4b70bc95f9c3c30f4dfd5505ef12d,R2024A,E2020,0,12706192,12706192,0,4112794,8593398,291,4112503,291,0.0022902219642202,0.0022902219642202,100.0,32.36842320657519,0.0070754820202519,4,1,51,False,1,51
RUS,2024,v3,17707433,b6c4b70bc95f9c3c30f4dfd5505ef12d,R2024A,E2020,0,71845849,71845849,0,71683747,162102,18687,71665060,18687,0.0260098534015514,0.0260098534015514,100.0,99.77437527392848,0.0260686707685634,180,86,336,False,86,1
RWA,2024,v3,17707433,b6c4b70bc95f9c3c30f4dfd5505ef12d,R2024A,E2020,0,5918268,5918268,0,0,5918268,0,0,0,0.0,0.0,,0.0,,2,1,24,False,1,24
SAU,2024,v3,17707433,b6c4b70bc95f9c3c30f4dfd5505ef12d,R2024A,E2020,0,6885048,6885048,0,4328137,2556911,5,4328132,5,7.262113495795527e-05,7.262113495795527e-05,100.0,62.86284423870393,0.0001155231454087,13,1,28,False,1,28
SDN,2024,v3,17707433,b6c4b70bc95f9c3c30f4dfd5505ef12d,R2024A,E2020,0,24804914,24804914,0,24619685,185229,65575,24554110,65575,0.2643629403431917,0.2643629403431917,100.0,99.25325683451273,0.2663519049898485,15,1,100,False,1,100
SEN,2024,v3,17707433,b6c4b70bc95f9c3c30f4dfd5505ef12d,R2024A,E2020,0,6236478,6236478,0,4820183,1416295,7828,4812355,7828,0.1255195640872941,0.1255195640872941,100.0,77.29014677835791,0.1624004731770557,3,1,25,False,1,25
SGP,2024,v3,17707433,b6c4b70bc95f9c3c30f4dfd5505ef12d,R2024A,E2020,0,278129,278129,0,0,278129,0,0,0,0.0,0.0,,0.0,,1,1,2,False,1,2
SJM,2024,v3,17707433,b6c4b70bc95f9c3c30f4dfd5505ef12d,R2024A,E2020,0,129384,129384,0,48,129336,0,48,0,0.0,0.0,,0.0370988684845112,0.0,5,1,1,False,1,1
SLB,2024,v3,17707433,b6c4b70bc95f9c3c30f4dfd5505ef12d,R2024A,E2020,0,82076,82076,0,4364,77712,0,4364,0,0.0,0.0,,5.317023246746918,0.0,3,1,1,False,1,1
SLE,2024,v3,17707433,b6c4b70bc95f9c3c30f4dfd5505ef12d,R2024A,E2020,0,1619239,1619239,0,1619234,5,11804,1607430,11804,0.7289844179889442,0.7289844179889442,100.0,99.99969121297104,0.728986669005221,1,1,7,False,1,7
SLV,2024,v3,17707433,b6c4b70bc95f9c3c30f4dfd5505ef12d,R2024A,E2020,0,2827005,2827005,0,0,2827005,0,0,0,0.0,0.0,,0.0,,1,1,12,False,1,12
SMR,2024,v3,17707433,b6c4b70bc95f9c3c30f4dfd5505ef12d,R2024A,E2020,0,8451,8451,0,0,8451,0,0,0,0.0,0.0,,0.0,,1,1,1,False,1,1
SOM,2024,v3,17707433,b6c4b70bc95f9c3c30f4dfd5505ef12d,R2024A,E2020,0,3282229,3282229,0,1389601,1892628,141,1389460,141,0.0042958611358317,0.0042958611358317,100.0,42.33711298023386,0.0101467975339683,4,1,14,False,1,14
SRB,2024,v3,17707433,b6c4b70bc95f9c3c30f4dfd5505ef12d,R2024A,E2020,0,5113788,5113788,0,4037545,1076243,288,4037257,288,0.0056318329973788,0.0056318329973788,100.0,78.95409430347914,0.007133047433527,4,1,21,False,1,21
SSD,2024,v3,17707433,b6c4b70bc95f9c3c30f4dfd5505ef12d,R2024A,E2020,0,4097008,4097008,0,3939611,157397,150521,3789090,150521,3.673924971589023,3.673924971589023,100.0,96.15824523652384,3.8207071713425513,9,1,17,False,1,17
STP,2024,v3,17707433,b6c4b70bc95f9c3c30f4dfd5505ef12d,R2024A,E2020,0,96439,96439,0,49,96390,0,49,0,0.0,0.0,,0.050809319880961,0.0,1,1,1,False,1,1
SUR,2024,v3,17707433,b6c4b70bc95f9c3c30f4dfd5505ef12d,R2024A,E2020,0,419354,419354,0,45718,373636,9,45709,9,0.0021461581384701,0.0021461581384701,100.0,10.902006419397454,0.0196859005205827,4,1,2,False,1,2
SVK,2024,v3,17707433,b6c4b70bc95f9c3c30f4dfd5505ef12d,R2024A,E2020,0,3415317,3415317,0,0,3415317,0,0,0,0.0,0.0,,0.0,,2,1,14,False,1,14
SVN,2024,v3,17707433,b6c4b70bc95f9c3c30f4dfd5505ef12d,R2024A,E2020,0,1295190,1295190,0,0,1295190,0,0,0,0.0,0.0,,0.0,,2,1,6,False,1,6
SWE,2024,v3,17707433,b6c4b70bc95f9c3c30f4dfd5505ef12d,R2024A,E2020,0,7251299,7251299,0,6848060,403239,85,6847975,85,0.0011722037665251,0.0011722037665251,100.0,94.43907912223727,0.0012412274425165,8,1,30,False,1,30
SWZ,2024,v3,17707433,b6c4b70bc95f9c3c30f4dfd5505ef12d,R2024A,E2020,0,1327429,1327429,0,0,1327429,0,0,0,0.0,0.0,,0.0,,1,1,6,False,1,6
SXM,2024,v3,17707433,b6c4b70bc95f9c3c30f4dfd5505ef12d,R2024A,E2020,0,22263,22263,0,0,22263,0,0,0,0.0,0.0,,0.0,,1,1,1,False,1,1
SYC,2024,v3,17707433,b6c4b70bc95f9c3c30f4dfd5505ef12d,R2024A,E2020,0,54805,54805,0,143,54662,0,143,0,0.0,0.0,,0.2609250980749931,0.0,4,1,1,False,1,1
SYR,2024,v3,17707433,b6c4b70bc95f9c3c30f4dfd5505ef12d,R2024A,E2020,0,5050963,5050963,0,1556378,3494585,1194,1555184,1194,0.0236390565521861,0.0236390565521861,100.0,30.81349041756988,0.0767165817044445,4,1,21,False,1,21
TCA,2024,v3,17707433,b6c4b70bc95f9c3c30f4dfd5505ef12d,R2024A,E2020,0,26889,26889,0,0,26889,0,0,0,0.0,0.0,,0.0,,1,1,1,False,1,1
TCD,2024,v3,17707433,b6c4b70bc95f9c3c30f4dfd5505ef12d,R2024A,E2020,0,4428701,4428701,0,4425962,2739,11861,4414101,11861,0.2678211963282235,0.2678211963282235,100.0,99.9381534224144,0.2679869370771823,12,1,18,False,1,18
TGO,2024,v3,17707433,b6c4b70bc95f9c3c30f4dfd5505ef12d,R2024A,E2020,0,4065885,4065885,0,3365590,700295,10055,3355535,10055,0.2473016329778141,0.2473016329778141,100.0,82.77632053046261,0.2987589100276623,2,1,17,False,1,17
THA,2024,v3,17707433,b6c4b70bc95f9c3c30f4dfd5505ef12d,R2024A,E2020,0,45146479,45146479,0,44127479,1019000,8408,44119071,8408,0.0186238222475777,0.0186238222475777,100.0,97.74290260819676,0.0190538870348791,10,1,181,False,1,181
TJK,2024,v3,17707433,b6c4b70bc95f9c3c30f4dfd5505ef12d,R2024A,E2020,0,2191006,2191006,0,1636713,554293,11,1636702,11,0.0005020524818279,0.0005020524818279,100.0,74.70143851728385,0.0006720787334126,5,1,9,False,1,9
TKL,2024,v3,17707433,b6c4b70bc95f9c3c30f4dfd5505ef12d,R2024A,E2020,0,642,642,0,0,642,0,0,0,0.0,0.0,,0.0,,1,1,1,False,1,1
TKM,2024,v3,17707433,b6c4b70bc95f9c3c30f4dfd5505ef12d,R2024A,E2020,0,1504730,1504730,0,1242623,262107,3,1242620,3,0.0001993713157842,0.0001993713157842,100.0,82.58112751124787,0.0002414247925557,7,1,7,False,1,7
TLS,2024,v3,17707433,b6c4b70bc95f9c3c30f4dfd5505ef12d,R2024A,E2020,0,711264,711264,0,0,711264,0,0,0,0.0,0.0,,0.0,,2,1,3,False,1,3
TON,2024,v3,17707433,b6c4b70bc95f9c3c30f4dfd5505ef12d,R2024A,E2020,0,50191,50191,0,34473,15718,0,34473,0,0.0,0.0,,68.6836285389811,0.0,1,1,1,False,1,1
TTO,2024,v3,17707433,b6c4b70bc95f9c3c30f4dfd5505ef12d,R2024A,E2020,0,757117,757117,0,0,757117,0,0,0,0.0,0.0,,0.0,,1,1,4,False,1,4
TUN,2024,v3,17707433,b6c4b70bc95f9c3c30f4dfd5505ef12d,R2024A,E2020,0,5409756,5409756,0,1900539,3509217,0,1900539,0,0.0,0.0,,35.13169540363743,0.0,4,1,22,False,1,22
TUR,2024,v3,17707433,b6c4b70bc95f9c3c30f4dfd5505ef12d,R2024A,E2020,0,21603448,21603448,0,14102023,7501425,26289,14075734,26289,0.1216889081779908,0.1216889081779908,100.0,65.27672341933565,0.1864200618592098,8,1,87,False,1,87
TUV,2024,v3,17707433,b6c4b70bc95f9c3c30f4dfd5505ef12d,R2024A,E2020,0,4197,4197,0,0,4197,0,0,0,0.0,0.0,,0.0,,1,1,1,False,1,1
TWN,2024,v3,17707433,b6c4b70bc95f9c3c30f4dfd5505ef12d,R2024A,E2020,0,441196,441196,0,311054,130142,3,311051,3,0.000679969899999,0.000679969899999,100.0,70.50245242477267,0.0009644627620927,3,1,2,False,1,2
TZA,2024,v3,17707433,b6c4b70bc95f9c3c30f4dfd5505ef12d,R2024A,E2020,0,30839342,30839342,0,15723195,15116147,109322,15613873,109322,0.3544887566018756,0.3544887566018756,100.0,50.98421036350257,0.6952912560074463,9,1,124,False,1,124
UGA,2024,v3,17707433,b6c4b70bc95f9c3c30f4dfd5505ef12d,R2024A,E2020,0,22525603,22525603,0,3572049,18953554,4501,3567548,4501,0.0199817070379869,0.0199817070379869,100.0,15.857728647708122,0.1260061102185328,5,1,91,False,1,91
UKR,2024,v3,17707433,b6c4b70bc95f9c3c30f4dfd5505ef12d,R2024A,E2020,0,27578411,27578411,0,20356910,7221501,48229,20308681,48229,0.1748795461783494,0.1748795461783494,100.0,73.81465886486353,0.2369170959639749,11,1,111,False,1,111
UMI,2024,v3,17707433,b6c4b70bc95f9c3c30f4dfd5505ef12d,R2024A,E2020,0,376,376,0,0,376,0,0,0,0.0,0.0,,0.0,,2,1,1,False,1,1
URY,2024,v3,17707433,b6c4b70bc95f9c3c30f4dfd5505ef12d,R2024A,E2020,0,2532412,2532412,0,5,2532407,0,5,0,0.0,0.0,,0.0001974402269456,0.0,1,1,11,False,1,11
USA,2024,v3,17707433,b6c4b70bc95f9c3c30f4dfd5505ef12d,R2024A,E2020,0,154727992,154727992,0,137673205,17054787,31307,137641898,31307,0.0202335722162024,0.0202335722162024,100.0,88.97756845445264,0.0227400822113496,74,52,642,False,52,1
UZB,2024,v3,17707433,b6c4b70bc95f9c3c30f4dfd5505ef12d,R2024A,E2020,0,7014546,7014546,0,3179935,3834611,40,3179895,40,0.0005702436052169,0.0005702436052169,100.0,45.33343996888751,0.0012578873467539,8,1,29,False,1,29
VAT,2024,v3,17707433,b6c4b70bc95f9c3c30f4dfd5505ef12d,R2024A,E2020,0,156,156,0,0,156,0,0,0,0.0,0.0,,0.0,,1,1,1,False,1,1
VCT,2024,v3,17707433,b6c4b70bc95f9c3c30f4dfd5505ef12d,R2024A,E2020,0,65281,65281,0,0,65281,0,0,0,0.0,0.0,,0.0,,1,1,1,False,1,1
VEN,2024,v3,17707433,b6c4b70bc95f9c3c30f4dfd5505ef12d,R2024A,E2020,0,11440960,11440960,0,6207483,5233477,16487,6190996,16487,0.144105040136492,0.144105040136492,100.0,54.256662028361255,0.2655987942294808,10,1,46,False,1,46
VGB,2024,v3,17707433,b6c4b70bc95f9c3c30f4dfd5505ef12d,R2024A,E2020,0,20455,20455,0,0,20455,0,0,0,0.0,0.0,,0.0,,1,1,1,False,1,1
VIR,2024,v3,17707433,b6c4b70bc95f9c3c30f4dfd5505ef12d,R2024A,E2020,0,79441,79441,0,0,79441,0,0,0,0.0,0.0,,0.0,,2,1,1,False,1,1
VNM,2024,v3,17707433,b6c4b70bc95f9c3c30f4dfd5505ef12d,R2024A,E2020,0,51780386,51780386,0,31823685,19956701,3554,31820131,3554,0.0068636027549118,0.0068636027549118,100.0,61.458956679079215,0.0111677827379198,10,1,208,False,1,208
VUT,2024,v3,17707433,b6c4b70bc95f9c3c30f4dfd5505ef12d,R2024A,E2020,0,152287,152287,0,141406,10881,1,141405,1,0.0006566548687675,0.0006566548687675,100.0,92.85493837294057,0.0007071835707112,3,1,1,False,1,1
WLF,2024,v3,17707433,b6c4b70bc95f9c3c30f4dfd5505ef12d,R2024A,E2020,0,8156,8156,0,0,8156,0,0,0,0.0,0.0,,0.0,,1,1,1,False,1,1
WSM,2024,v3,17707433,b6c4b70bc95f9c3c30f4dfd5505ef12d,R2024A,E2020,0,64452,64452,0,0,64452,0,0,0,0.0,0.0,,0.0,,1,1,1,False,1,1
YEM,2024,v3,17707433,b6c4b70bc95f9c3c30f4dfd5505ef12d,R2024A,E2020,0,4952621,4952621,0,2454571,2498050,3,2454568,3,6.057398698588081e-05,6.057398698588081e-05,100.0,49.56105060330682,0.0001222209502189,4,1,20,False,1,20
ZAF,2024,v3,17707433,b6c4b70bc95f9c3c30f4dfd5505ef12d,R2024A,E2020,0,38766319,38766319,0,33341150,5425169,847537,32493613,847537,2.186271541540996,2.186271541540996,100.0,86.00545746940792,2.542014897506535,8,1,156,False,1,156
ZMB,2024,v3,17707433,b6c4b70bc95f9c3c30f4dfd5505ef12d,R2024A,E2020,0,10397487,10397487,0,9018822,1378665,298092,8720730,298092,2.86696198802653,2.86696198802653,100.0,86.74040179131745,3.3052210144517766,8,1,42,False,1,42
ZWE,2024,v3,17707433,b6c4b70bc95f9c3c30f4dfd5505ef12d,R2024A,E2020,0,12612313,12612313,0,3093254,9519059,53719,3039535,53719,0.4259250464209063,0.4259250464209063,100.0,24.525667892955084,1.736650142535983,4,1,51,False,1,51
