timestamp_utc,iso3,analysis_year,status,stage,started_at_utc,finished_at_utc,processing_minutes,output_path,total_buildings,valid_coordinate_buildings,tile_covered_buildings,valid_gabam_pixel_buildings,exposed_buildings,exposed_buildings_percent_total,tile_coverage_percent_valid_coordinates,message
2026-07-31T00:59:09.686638+00:00,LUX,2024,failed,download_ghs_obat,2026-07-31T00:57:10.295602+00:00,2026-07-31T00:59:09.677571+00:00,1.989699641733508,,,,,,,,,FileNotFoundError: [Errno 2] No such file or directory: '/home/jovyan/BIT/data/ghs_obat/lux'
2026-07-31T02:12:26.204442+00:00,LUX,2024,completed_low_coverage,completed,2026-07-31T02:12:05.166779+00:00,2026-07-31T02:12:26.200331+00:00,0.3505593218491413,/home/jovyan/BIT/outputs/wildfire_GABAM2024/country_results/LUX_GABAM2024.csv,226721,226721,214463,0,0,0.0,94.59335482818089,Tile coverage 94.593% is below 99.000%.
2026-07-31T02:38:26.603056+00:00,AFG,2024,completed_low_coverage,completed,2026-07-31T02:29:53.713485+00:00,2026-07-31T02:38:26.599132+00:00,8.548094180067226,/home/jovyan/BIT/outputs/wildfire_GABAM2024/country_results/AFG_GABAM2024.csv,8572200,8572200,5745715,0,0,0.0,67.02730920883788,Tile coverage 67.027% is below 99.000%.
2026-07-31T02:38:30.089296+00:00,ALA,2024,completed_low_coverage,completed,2026-07-31T02:38:26.838252+00:00,2026-07-31T02:38:30.086921+00:00,0.05414475620103379,/home/jovyan/BIT/outputs/wildfire_GABAM2024/country_results/ALA_GABAM2024.csv,61690,61690,3197,0,0,0.0,5.182363430053493,Tile coverage 5.182% is below 99.000%.
2026-07-31T02:38:39.576279+00:00,ALB,2024,completed_low_coverage,completed,2026-07-31T02:38:30.343274+00:00,2026-07-31T02:38:39.573943+00:00,0.15384465646736015,/home/jovyan/BIT/outputs/wildfire_GABAM2024/country_results/ALB_GABAM2024.csv,1227044,1227044,37920,192,192,0.015647360648843887,3.0903537281466678,Tile coverage 3.090% is below 99.000%.
2026-07-31T02:44:14.216570+00:00,DZA,2024,completed_low_coverage,completed,2026-07-31T02:38:39.858738+00:00,2026-07-31T02:44:14.212477+00:00,5.572562555334298,/home/jovyan/BIT/outputs/wildfire_GABAM2024/country_results/DZA_GABAM2024.csv,13233747,13233747,3531001,11,11,8.312082738169318e-05,26.681793145962363,Tile coverage 26.682% is below 99.000%.
2026-07-31T02:44:19.238091+00:00,ASM,2024,completed_low_coverage,completed,2026-07-31T02:44:14.546288+00:00,2026-07-31T02:44:19.235752+00:00,0.07815793026626731,/home/jovyan/BIT/outputs/wildfire_GABAM2024/country_results/ASM_GABAM2024.csv,19923,19923,0,0,0,0.0,0.0,Tile coverage 0.000% is below 99.000%.
2026-07-31T02:44:27.048351+00:00,AND,2024,completed_low_coverage,completed,2026-07-31T02:44:24.631903+00:00,2026-07-31T02:44:27.045953+00:00,0.040234309867567694,/home/jovyan/BIT/outputs/wildfire_GABAM2024/country_results/AND_GABAM2024.csv,7873,7873,0,0,0,0.0,0.0,Tile coverage 0.000% is below 99.000%.
2026-07-31T02:59:30.528852+00:00,AGO,2024,completed_low_coverage,completed,2026-07-31T02:44:27.411990+00:00,2026-07-31T02:59:30.525110+00:00,15.051885511966733,/home/jovyan/BIT/outputs/wildfire_GABAM2024/country_results/AGO_GABAM2024.csv,11868625,11868625,10466307,328737,328737,2.769798523417835,88.18466334558552,Tile coverage 88.185% is below 99.000%.
2026-07-31T02:59:33.390098+00:00,AIA,2024,completed_low_coverage,completed,2026-07-31T02:59:30.934567+00:00,2026-07-31T02:59:33.387917+00:00,0.040889360767323524,/home/jovyan/BIT/outputs/wildfire_GABAM2024/country_results/AIA_GABAM2024.csv,14953,14953,0,0,0,0.0,0.0,Tile coverage 0.000% is below 99.000%.
2026-07-31T02:59:33.801192+00:00,ATA,2024,skipped,resolve_boundary,2026-07-31T02:59:33.796478+00:00,2026-07-31T02:59:33.799105+00:00,4.384326554524402e-05,,,,,,,,,Country boundary is outside GABAM's published 80°N to 60°S latitude coverage.
2026-07-31T02:59:36.605190+00:00,ATG,2024,completed_low_coverage,completed,2026-07-31T02:59:34.141443+00:00,2026-07-31T02:59:36.602879+00:00,0.04102413666745027,/home/jovyan/BIT/outputs/wildfire_GABAM2024/country_results/ATG_GABAM2024.csv,76743,76743,0,0,0,0.0,0.0,Tile coverage 0.000% is below 99.000%.
2026-07-31T03:35:26.344430+00:00,ARG,2024,completed_low_coverage,completed,2026-07-31T02:59:42.046240+00:00,2026-07-31T03:35:26.340512+00:00,35.73823795084997,/home/jovyan/BIT/outputs/wildfire_GABAM2024/country_results/ARG_GABAM2024.csv,26998204,26998204,25413428,51637,51637,0.19126087053790689,94.13006880013204,Tile coverage 94.130% is below 99.000%.
2026-07-31T03:35:43.529078+00:00,ARM,2024,completed_low_coverage,completed,2026-07-31T03:35:26.854635+00:00,2026-07-31T03:35:43.526897+00:00,0.27787118226794216,/home/jovyan/BIT/outputs/wildfire_GABAM2024/country_results/ARM_GABAM2024.csv,971970,971970,127398,2,2,0.00020576766772637016,13.107194666502053,Tile coverage 13.107% is below 99.000%.
2026-07-31T03:35:47.232803+00:00,ABW,2024,completed_low_coverage,completed,2026-07-31T03:35:44.017949+00:00,2026-07-31T03:35:47.230552+00:00,0.05354351475058745,/home/jovyan/BIT/outputs/wildfire_GABAM2024/country_results/ABW_GABAM2024.csv,93614,93614,0,0,0,0.0,0.0,Tile coverage 0.000% is below 99.000%.
2026-07-31T03:54:08.663535+00:00,AUS,2024,completed,completed,2026-07-31T03:35:47.762028+00:00,2026-07-31T03:54:08.654586+00:00,18.348209503650043,/home/jovyan/BIT/outputs/wildfire_GABAM2024/country_results/AUS_GABAM2024.csv,12713079,12713079,12619445,23861,23861,0.18768860006297453,99.26348290606862,
2026-07-31T03:54:22.741507+00:00,AUT,2024,completed_low_coverage,completed,2026-07-31T03:54:09.282879+00:00,2026-07-31T03:54:22.739118+00:00,0.22427078346566606,/home/jovyan/BIT/outputs/wildfire_GABAM2024/country_results/AUT_GABAM2024.csv,4844016,4844016,0,0,0,0.0,0.0,Tile coverage 0.000% is below 99.000%.
2026-07-31T03:55:40.122975+00:00,AZE,2024,completed_low_coverage,completed,2026-07-31T03:54:28.340759+00:00,2026-07-31T03:55:40.119110+00:00,1.196306000483067,/home/jovyan/BIT/outputs/wildfire_GABAM2024/country_results/AZE_GABAM2024.csv,2355373,2355373,768371,370,370,0.015708764599067747,32.62205179391969,Tile coverage 32.622% is below 99.000%.
2026-07-31T03:55:48.081561+00:00,BHS,2024,completed_low_coverage,completed,2026-07-31T03:55:40.776334+00:00,2026-07-31T03:55:48.079297+00:00,0.12171626391743,/home/jovyan/BIT/outputs/wildfire_GABAM2024/country_results/BHS_GABAM2024.csv,202865,202865,31062,0,0,0.0,15.311660463855274,Tile coverage 15.312% is below 99.000%.
2026-07-31T03:55:51.974563+00:00,BHR,2024,completed_low_coverage,completed,2026-07-31T03:55:48.707816+00:00,2026-07-31T03:55:51.972352+00:00,0.054409074500047915,/home/jovyan/BIT/outputs/wildfire_GABAM2024/country_results/BHR_GABAM2024.csv,199589,199589,0,0,0,0.0,0.0,Tile coverage 0.000% is below 99.000%.
2026-07-31T04:42:31.984554+00:00,BGD,2024,completed_low_coverage,completed,2026-07-31T03:55:52.631633+00:00,2026-07-31T04:42:31.977508+00:00,46.655764804716455,/home/jovyan/BIT/outputs/wildfire_GABAM2024/country_results/BGD_GABAM2024.csv,40660192,40660192,33437641,14567,14567,0.03582619580350235,82.23680055421283,Tile coverage 82.237% is below 99.000%.
2026-07-31T04:42:35.776426+00:00,BRB,2024,completed_low_coverage,completed,2026-07-31T04:42:32.796544+00:00,2026-07-31T04:42:35.774126+00:00,0.049626552934447926,/home/jovyan/BIT/outputs/wildfire_GABAM2024/country_results/BRB_GABAM2024.csv,211877,211877,0,0,0,0.0,0.0,Tile coverage 0.000% is below 99.000%.
2026-07-31T04:50:03.000269+00:00,BLR,2024,completed_low_coverage,completed,2026-07-31T04:42:41.526782+00:00,2026-07-31T04:50:02.996175+00:00,7.357823405166467,/home/jovyan/BIT/outputs/wildfire_GABAM2024/country_results/BLR_GABAM2024.csv,6840691,6840691,5220940,668,668,0.009765095368289548,76.3218218744276,Tile coverage 76.322% is below 99.000%.
2026-07-31T04:50:46.003484+00:00,BEL,2024,completed_low_coverage,completed,2026-07-31T04:50:03.806168+00:00,2026-07-31T04:50:46.001016+00:00,0.7032476835825946,/home/jovyan/BIT/outputs/wildfire_GABAM2024/country_results/BEL_GABAM2024.csv,7536087,7536087,176539,0,0,0.0,2.3425817669036997,Tile coverage 2.343% is below 99.000%.
2026-07-31T04:50:50.062439+00:00,BLZ,2024,completed_low_coverage,completed,2026-07-31T04:50:46.806485+00:00,2026-07-31T04:50:50.060073+00:00,0.054226735100382936,/home/jovyan/BIT/outputs/wildfire_GABAM2024/country_results/BLZ_GABAM2024.csv,282325,282325,0,0,0,0.0,0.0,Tile coverage 0.000% is below 99.000%.
2026-07-31T04:56:58.789903+00:00,BEN,2024,completed_low_coverage,completed,2026-07-31T04:50:50.873467+00:00,2026-07-31T04:56:58.785946+00:00,6.131874837117114,/home/jovyan/BIT/outputs/wildfire_GABAM2024/country_results/BEN_GABAM2024.csv,5580835,5580835,4310345,2332,2332,0.04178586179308293,77.23476863229249,Tile coverage 77.235% is below 99.000%.
2026-07-31T04:56:59.666568+00:00,BMU,2024,skipped,select_gabam_tiles,2026-07-31T04:56:59.648897+00:00,2026-07-31T04:56:59.664430+00:00,0.0002590086000661055,,,,,,,,,No intersecting GABAM tiles were found.
2026-07-31T04:57:09.407646+00:00,BTN,2024,completed_low_coverage,completed,2026-07-31T04:57:05.476892+00:00,2026-07-31T04:57:09.405212+00:00,0.0654722075831766,/home/jovyan/BIT/outputs/wildfire_GABAM2024/country_results/BTN_GABAM2024.csv,432821,432821,0,0,0,0.0,0.0,Tile coverage 0.000% is below 99.000%.
2026-07-31T05:07:43.135796+00:00,BOL,2024,completed_low_coverage,completed,2026-07-31T04:57:10.262993+00:00,2026-07-31T05:07:43.131775+00:00,10.547813258250244,/home/jovyan/BIT/outputs/wildfire_GABAM2024/country_results/BOL_GABAM2024.csv,7701588,7701588,7525992,6393,6393,0.08300885479721844,97.72000267996678,Tile coverage 97.720% is below 99.000%.
2026-07-31T05:07:46.912582+00:00,BES,2024,completed_low_coverage,completed,2026-07-31T05:07:44.103765+00:00,2026-07-31T05:07:46.910242+00:00,0.04677479446788008,/home/jovyan/BIT/outputs/wildfire_GABAM2024/country_results/BES_GABAM2024.csv,29708,29708,0,0,0,0.0,0.0,Tile coverage 0.000% is below 99.000%.
2026-07-31T05:11:00.665924+00:00,BIH,2024,completed_low_coverage,completed,2026-07-31T05:07:47.835622+00:00,2026-07-31T05:11:00.661946+00:00,3.213772302248981,/home/jovyan/BIT/outputs/wildfire_GABAM2024/country_results/BIH_GABAM2024.csv,2537562,2537562,2269164,582,582,0.022935400199088733,89.42299734942436,Tile coverage 89.423% is below 99.000%.
2026-07-31T05:14:30.799542+00:00,BWA,2024,completed_low_coverage,completed,2026-07-31T05:11:01.689541+00:00,2026-07-31T05:14:30.795662+00:00,3.485102117350713,/home/jovyan/BIT/outputs/wildfire_GABAM2024/country_results/BWA_GABAM2024.csv,2635870,2635870,2425238,1073,1073,0.04070762215132006,92.00901410160593,Tile coverage 92.009% is below 99.000%.
2026-07-31T05:14:36.810457+00:00,BVT,2024,skipped,select_gabam_tiles,2026-07-31T05:14:36.797316+00:00,2026-07-31T05:14:36.808380+00:00,0.00018451826569313803,,,,,,,,,No intersecting GABAM tiles were found.
2026-07-31T07:48:12.601753+00:00,BRA,2024,completed_low_coverage,completed,2026-07-31T05:14:37.724045+00:00,2026-07-31T07:48:12.591699+00:00,153.58112777326605,/home/jovyan/BIT/outputs/wildfire_GABAM2024/country_results/BRA_GABAM2024.csv,115592434,115592434,109798606,128978,128978,0.11157996724941358,94.98771000877099,Tile coverage 94.988% is below 99.000%.
2026-07-31T07:48:13.842790+00:00,IOT,2024,skipped,select_gabam_tiles,2026-07-31T07:48:13.823458+00:00,2026-07-31T07:48:13.840772+00:00,0.00028867604948269824,,,,,,,,,No intersecting GABAM tiles were found.
2026-07-31T07:48:34.180582+00:00,BRN,2024,completed_low_coverage,completed,2026-07-31T07:48:14.752847+00:00,2026-07-31T07:48:34.178049+00:00,0.3237534614997761,/home/jovyan/BIT/outputs/wildfire_GABAM2024/country_results/BRN_GABAM2024.csv,205011,205011,191326,4,4,0.0019511148182292657,93.32474842813312,Tile coverage 93.325% is below 99.000%.
2026-07-31T07:48:46.004206+00:00,BGR,2024,completed_low_coverage,completed,2026-07-31T07:48:35.194439+00:00,2026-07-31T07:48:46.002017+00:00,0.1801264804826739,/home/jovyan/BIT/outputs/wildfire_GABAM2024/country_results/BGR_GABAM2024.csv,4104912,4104912,0,0,0,0.0,0.0,Tile coverage 0.000% is below 99.000%.
2026-07-31T08:07:54.224126+00:00,BFA,2024,completed_low_coverage,completed,2026-07-31T07:48:52.033489+00:00,2026-07-31T08:07:54.220151+00:00,19.036444536784742,/home/jovyan/BIT/outputs/wildfire_GABAM2024/country_results/BFA_GABAM2024.csv,15185929,15185929,13695168,249695,249695,1.6442523865349299,90.18327426659245,Tile coverage 90.183% is below 99.000%.
2026-07-31T08:08:06.117523+00:00,BDI,2024,completed_low_coverage,completed,2026-07-31T08:07:55.382196+00:00,2026-07-31T08:08:06.115212+00:00,0.17888373773506222,/home/jovyan/BIT/outputs/wildfire_GABAM2024/country_results/BDI_GABAM2024.csv,3654761,3654761,0,0,0,0.0,0.0,Tile coverage 0.000% is below 99.000%.
2026-07-31T08:08:15.602269+00:00,CPV,2024,completed_low_coverage,completed,2026-07-31T08:08:07.238803+00:00,2026-07-31T08:08:15.599930+00:00,0.13935224438318983,/home/jovyan/BIT/outputs/wildfire_GABAM2024/country_results/CPV_GABAM2024.csv,210337,210337,67766,371,371,0.17638361296395783,32.21782187632228,Tile coverage 32.218% is below 99.000%.
2026-07-31T08:08:36.097069+00:00,KHM,2024,completed_low_coverage,completed,2026-07-31T08:08:16.763077+00:00,2026-07-31T08:08:36.094922+00:00,0.3221975580168267,/home/jovyan/BIT/outputs/wildfire_GABAM2024/country_results/KHM_GABAM2024.csv,8452632,8452632,37,0,0,0.0,0.0004377334775724295,Tile coverage 0.000% is below 99.000%.
2026-07-31T08:19:06.632001+00:00,CMR,2024,completed_low_coverage,completed,2026-07-31T08:08:37.313058+00:00,2026-07-31T08:19:06.628280+00:00,10.488587205465107,/home/jovyan/BIT/outputs/wildfire_GABAM2024/country_results/CMR_GABAM2024.csv,10049334,10049334,7464959,92012,92012,0.9156029643357461,74.28312164766342,Tile coverage 74.283% is below 99.000%.
2026-07-31T08:38:42.742471+00:00,CAN,2024,completed_low_coverage,completed,2026-07-31T08:19:12.858763+00:00,2026-07-31T08:38:42.738733+00:00,19.49799967716681,/home/jovyan/BIT/outputs/wildfire_GABAM2024/country_results/CAN_GABAM2024.csv,13873609,13873609,13702334,250,250,0.0018019824546013947,98.76546182035258,Tile coverage 98.765% is below 99.000%.
2026-07-31T08:38:47.188664+00:00,CYM,2024,completed_low_coverage,completed,2026-07-31T08:38:44.108132+00:00,2026-07-31T08:38:47.186421+00:00,0.05130502161725114,/home/jovyan/BIT/outputs/wildfire_GABAM2024/country_results/CYM_GABAM2024.csv,41641,41641,0,0,0,0.0,0.0,Tile coverage 0.000% is below 99.000%.
2026-07-31T08:40:48.812985+00:00,CAF,2024,completed_low_coverage,completed,2026-07-31T08:38:48.419386+00:00,2026-07-31T08:40:48.808964+00:00,2.0064931611006616,/home/jovyan/BIT/outputs/wildfire_GABAM2024/country_results/CAF_GABAM2024.csv,2220505,2220505,1355813,77088,77088,3.4716427119056252,61.05876816309804,Tile coverage 61.059% is below 99.000%.
2026-07-31T08:47:08.430706+00:00,TCD,2024,completed,completed,2026-07-31T08:40:50.068654+00:00,2026-07-31T08:47:08.426757+00:00,6.305968568349878,/home/jovyan/BIT/outputs/wildfire_GABAM2024/country_results/TCD_GABAM2024.csv,4428701,4428701,4425962,11861,11861,0.26782119632822354,99.93815342241439,
2026-07-31T09:02:40.677154+00:00,CHL,2024,completed_low_coverage,completed,2026-07-31T08:47:09.838644+00:00,2026-07-31T09:02:40.673259+00:00,15.513910421831921,/home/jovyan/BIT/outputs/wildfire_GABAM2024/country_results/CHL_GABAM2024.csv,11329216,11329216,11139946,50813,50813,0.4485129421135584,98.32936365587875,Tile coverage 98.329% is below 99.000%.
2026-07-31T09:10:29.652887+00:00,CHN,2024,completed_low_coverage,completed,2026-07-31T09:02:47.069250+00:00,2026-07-31T09:10:29.648909+00:00,7.709661178482929,/home/jovyan/BIT/outputs/wildfire_GABAM2024/country_results/CHN_GABAM2024.csv,5428385,5428385,5370548,403,403,0.007423939164226561,98.93454498897923,Tile coverage 98.935% is below 99.000%.
2026-07-31T09:10:31.075846+00:00,CXR,2024,skipped,select_gabam_tiles,2026-07-31T09:10:31.062252+00:00,2026-07-31T09:10:31.073838+00:00,0.00019322908289420108,,,,,,,,,No intersecting GABAM tiles were found.
2026-07-31T09:10:32.391425+00:00,CCK,2024,skipped,select_gabam_tiles,2026-07-31T09:10:32.384743+00:00,2026-07-31T09:10:32.389257+00:00,7.530271541327238e-05,,,,,,,,,No intersecting GABAM tiles were found.
2026-07-31T09:28:13.900299+00:00,COL,2024,completed_low_coverage,completed,2026-07-31T09:10:33.669816+00:00,2026-07-31T09:28:13.892879+00:00,17.670384552234705,/home/jovyan/BIT/outputs/wildfire_GABAM2024/country_results/COL_GABAM2024.csv,14372282,14372282,12653133,3123,3123,0.021729325934461904,88.0384409379109,Tile coverage 88.038% is below 99.000%.
2026-07-31T09:28:19.730035+00:00,COM,2024,completed_low_coverage,completed,2026-07-31T09:28:15.333201+00:00,2026-07-31T09:28:19.727728+00:00,0.07324226250057109,/home/jovyan/BIT/outputs/wildfire_GABAM2024/country_results/COM_GABAM2024.csv,251047,251047,0,0,0,0.0,0.0,Tile coverage 0.000% is below 99.000%.
2026-07-31T09:30:34.860879+00:00,COG,2024,completed_low_coverage,completed,2026-07-31T09:28:26.137028+00:00,2026-07-31T09:30:34.856825+00:00,2.1453301519174905,/home/jovyan/BIT/outputs/wildfire_GABAM2024/country_results/COG_GABAM2024.csv,1608864,1608864,1496492,46690,46690,2.9020476559858386,93.01544443781451,Tile coverage 93.015% is below 99.000%.
2026-07-31T10:02:53.472550+00:00,COD,2024,completed_low_coverage,completed,2026-07-31T09:30:36.288030+00:00,2026-07-31T10:02:53.463895+00:00,32.28626465974958,/home/jovyan/BIT/outputs/wildfire_GABAM2024/country_results/COD_GABAM2024.csv,25769294,25769294,22998157,1912450,1912450,7.421429550999728,89.24636041639324,Tile coverage 89.246% is below 99.000%.
2026-07-31T10:02:59.151067+00:00,COK,2024,completed_low_coverage,completed,2026-07-31T10:02:55.214926+00:00,2026-07-31T10:02:59.148765+00:00,0.06556415656620326,/home/jovyan/BIT/outputs/wildfire_GABAM2024/country_results/COK_GABAM2024.csv,11707,11707,7702,0,0,0.0,65.78969847100025,Tile coverage 65.790% is below 99.000%.
2026-07-31T10:05:20.499001+00:00,CRI,2024,completed_low_coverage,completed,2026-07-31T10:03:00.682544+00:00,2026-07-31T10:05:20.495054+00:00,2.330208667749927,/home/jovyan/BIT/outputs/wildfire_GABAM2024/country_results/CRI_GABAM2024.csv,2641519,2641519,1440619,296,296,0.011205673705167368,54.53752178197469,Tile coverage 54.538% is below 99.000%.
2026-07-31T10:10:09.577744+00:00,CIV,2024,completed_low_coverage,completed,2026-07-31T10:05:22.066368+00:00,2026-07-31T10:10:09.573963+00:00,4.791793387881868,/home/jovyan/BIT/outputs/wildfire_GABAM2024/country_results/CIV_GABAM2024.csv,9816468,9816468,3193250,1041,1041,0.010604628874662455,32.529520801168,Tile coverage 32.530% is below 99.000%.
2026-07-31T10:11:25.336062+00:00,HRV,2024,completed_low_coverage,completed,2026-07-31T10:10:16.112426+00:00,2026-07-31T10:11:25.332271+00:00,1.1536642508329047,/home/jovyan/BIT/outputs/wildfire_GABAM2024/country_results/HRV_GABAM2024.csv,2956492,2956492,743561,1959,1959,0.06626096062495687,25.150110333462766,Tile coverage 25.150% is below 99.000%.
2026-07-31T10:11:44.944280+00:00,CUB,2024,completed_low_coverage,completed,2026-07-31T10:11:26.892729+00:00,2026-07-31T10:11:44.941928+00:00,0.3008201882825233,/home/jovyan/BIT/outputs/wildfire_GABAM2024/country_results/CUB_GABAM2024.csv,4417764,4417764,70572,0,0,0.0,1.5974597103874268,Tile coverage 1.597% is below 99.000%.
2026-07-31T10:11:49.307664+00:00,CUW,2024,completed_low_coverage,completed,2026-07-31T10:11:46.566734+00:00,2026-07-31T10:11:49.305391+00:00,0.04564444138280426,/home/jovyan/BIT/outputs/wildfire_GABAM2024/country_results/CUW_GABAM2024.csv,142053,142053,0,0,0,0.0,0.0,Tile coverage 0.000% is below 99.000%.
2026-07-31T10:12:21.450956+00:00,CYP,2024,completed_low_coverage,completed,2026-07-31T10:11:50.936473+00:00,2026-07-31T10:12:21.448615+00:00,0.5085358377332644,/home/jovyan/BIT/outputs/wildfire_GABAM2024/country_results/CYP_GABAM2024.csv,524196,524196,332681,144,144,0.027470640752695556,63.46500164060771,Tile coverage 63.465% is below 99.000%.
2026-07-31T10:18:21.080733+00:00,CZE,2024,completed_low_coverage,completed,2026-07-31T10:12:23.261844+00:00,2026-07-31T10:18:21.075574+00:00,5.963562476050963,/home/jovyan/BIT/outputs/wildfire_GABAM2024/country_results/CZE_GABAM2024.csv,6579115,6579115,4213061,72,72,0.0010943721153984997,64.03689553990165,Tile coverage 64.037% is below 99.000%.
2026-07-31T10:19:02.623340+00:00,DNK,2024,completed_low_coverage,completed,2026-07-31T10:18:28.547220+00:00,2026-07-31T10:19:02.620967+00:00,0.5678960113514525,/home/jovyan/BIT/outputs/wildfire_GABAM2024/country_results/DNK_GABAM2024.csv,4298512,4298512,246480,6,6,0.0001395831859955259,5.734077280696204,Tile coverage 5.734% is below 99.000%.
2026-07-31T10:19:08.161671+00:00,DJI,2024,completed_low_coverage,completed,2026-07-31T10:19:05.001507+00:00,2026-07-31T10:19:08.158575+00:00,0.052617988483204196,/home/jovyan/BIT/outputs/wildfire_GABAM2024/country_results/DJI_GABAM2024.csv,247315,247315,0,0,0,0.0,0.0,Tile coverage 0.000% is below 99.000%.
2026-07-31T10:19:13.851761+00:00,DMA,2024,completed_low_coverage,completed,2026-07-31T10:19:10.411801+00:00,2026-07-31T10:19:13.849364+00:00,0.0572928823181428,/home/jovyan/BIT/outputs/wildfire_GABAM2024/country_results/DMA_GABAM2024.csv,59636,59636,0,0,0,0.0,0.0,Tile coverage 0.000% is below 99.000%.
2026-07-31T10:19:26.832516+00:00,DOM,2024,completed_low_coverage,completed,2026-07-31T10:19:16.264590+00:00,2026-07-31T10:19:26.830100+00:00,0.17609203134973844,/home/jovyan/BIT/outputs/wildfire_GABAM2024/country_results/DOM_GABAM2024.csv,3954342,3954342,0,0,0,0.0,0.0,Tile coverage 0.000% is below 99.000%.
2026-07-31T10:28:56.304187+00:00,ECU,2024,completed_low_coverage,completed,2026-07-31T10:19:29.106826+00:00,2026-07-31T10:28:56.300216+00:00,9.453223341916843,/home/jovyan/BIT/outputs/wildfire_GABAM2024/country_results/ECU_GABAM2024.csv,7807678,7807678,6911526,40870,40870,0.5234590873240418,88.52217009974028,Tile coverage 88.522% is below 99.000%.
2026-07-31T10:39:44.000651+00:00,EGY,2024,completed_low_coverage,completed,2026-07-31T10:29:03.189975+00:00,2026-07-31T10:39:43.996786+00:00,10.680113678600174,/home/jovyan/BIT/outputs/wildfire_GABAM2024/country_results/EGY_GABAM2024.csv,17836744,17836744,7455710,126,126,0.0007064069540943123,41.79972533103575,Tile coverage 41.800% is below 99.000%.
2026-07-31T10:39:56.973818+00:00,SLV,2024,completed_low_coverage,completed,2026-07-31T10:39:45.871955+00:00,2026-07-31T10:39:56.971414+00:00,0.18499115144950337,/home/jovyan/BIT/outputs/wildfire_GABAM2024/country_results/SLV_GABAM2024.csv,2827005,2827005,0,0,0,0.0,0.0,Tile coverage 0.000% is below 99.000%.
2026-07-31T10:40:02.241722+00:00,GNQ,2024,completed_low_coverage,completed,2026-07-31T10:39:58.833602+00:00,2026-07-31T10:40:02.239453+00:00,0.05676419863205714,/home/jovyan/BIT/outputs/wildfire_GABAM2024/country_results/GNQ_GABAM2024.csv,315625,315625,2499,0,0,0.0,0.7917623762376238,Tile coverage 0.792% is below 99.000%.
2026-07-31T10:40:53.714964+00:00,ERI,2024,completed_low_coverage,completed,2026-07-31T10:40:04.159642+00:00,2026-07-31T10:40:53.712603+00:00,0.8258828688490515,/home/jovyan/BIT/outputs/wildfire_GABAM2024/country_results/ERI_GABAM2024.csv,1431221,1431221,507663,133,133,0.009292764709293673,35.470622636196644,Tile coverage 35.471% is below 99.000%.
2026-07-31T10:41:01.854710+00:00,EST,2024,completed_low_coverage,completed,2026-07-31T10:40:55.620439+00:00,2026-07-31T10:41:01.852464+00:00,0.10386720948154107,/home/jovyan/BIT/outputs/wildfire_GABAM2024/country_results/EST_GABAM2024.csv,1133211,1133211,0,0,0,0.0,0.0,Tile coverage 0.000% is below 99.000%.
2026-07-31T10:41:15.582436+00:00,SWZ,2024,completed_low_coverage,completed,2026-07-31T10:41:08.770908+00:00,2026-07-31T10:41:15.580157+00:00,0.11348765786581984,/home/jovyan/BIT/outputs/wildfire_GABAM2024/country_results/SWZ_GABAM2024.csv,1327429,1327429,0,0,0,0.0,0.0,Tile coverage 0.000% is below 99.000%.
2026-07-31T11:17:01.363745+00:00,ETH,2024,completed_low_coverage,completed,2026-07-31T10:41:17.518690+00:00,2026-07-31T11:17:01.354002+00:00,35.730588698616096,/home/jovyan/BIT/outputs/wildfire_GABAM2024/country_results/ETH_GABAM2024.csv,36334125,36334125,25536063,134961,134961,0.3714442001837116,70.28121084517655,Tile coverage 70.281% is below 99.000%.
2026-07-31T11:17:03.899806+00:00,FLK,2024,skipped,select_gabam_tiles,2026-07-31T11:17:03.846344+00:00,2026-07-31T11:17:03.897042+00:00,0.0008450902823824435,,,,,,,,,No intersecting GABAM tiles were found.
2026-07-31T11:17:08.408525+00:00,FRO,2024,completed_low_coverage,completed,2026-07-31T11:17:05.903944+00:00,2026-07-31T11:17:08.406161+00:00,0.04170373953335608,/home/jovyan/BIT/outputs/wildfire_GABAM2024/country_results/FRO_GABAM2024.csv,42019,42019,0,0,0,0.0,0.0,Tile coverage 0.000% is below 99.000%.
2026-07-31T11:17:35.321575+00:00,FJI,2024,completed_low_coverage,completed,2026-07-31T11:17:10.499800+00:00,2026-07-31T11:17:35.319220+00:00,0.41365715628295824,/home/jovyan/BIT/outputs/wildfire_GABAM2024/country_results/FJI_GABAM2024.csv,270809,270809,263001,135,135,0.04985063273377177,97.11678710825711,Tile coverage 97.117% is below 99.000%.
2026-07-31T11:26:59.312905+00:00,FIN,2024,completed_low_coverage,completed,2026-07-31T11:17:42.446444+00:00,2026-07-31T11:26:59.308829+00:00,9.281039914515956,/home/jovyan/BIT/outputs/wildfire_GABAM2024/country_results/FIN_GABAM2024.csv,6825738,6825738,6652358,22,22,0.00032230947041916934,97.45990836448748,Tile coverage 97.460% is below 99.000%.
2026-07-31T12:14:07.655269+00:00,FRA,2024,completed_low_coverage,completed,2026-07-31T11:27:01.513632+00:00,2026-07-31T12:14:07.645819+00:00,47.1022032882669,/home/jovyan/BIT/outputs/wildfire_GABAM2024/country_results/FRA_GABAM2024.csv,53303106,53303106,32941766,12945,12945,0.024285639189581185,61.80083764724705,Tile coverage 61.801% is below 99.000%.
2026-07-31T12:14:22.179571+00:00,GUF,2024,completed_low_coverage,completed,2026-07-31T12:14:10.322693+00:00,2026-07-31T12:14:22.177291+00:00,0.19757686696830207,/home/jovyan/BIT/outputs/wildfire_GABAM2024/country_results/GUF_GABAM2024.csv,175894,175894,106721,5,5,0.0028426211240860973,60.673473796718476,Tile coverage 60.673% is below 99.000%.
2026-07-31T12:14:34.327768+00:00,PYF,2024,completed_low_coverage,completed,2026-07-31T12:14:24.566057+00:00,2026-07-31T12:14:34.324687+00:00,0.1626439694489818,/home/jovyan/BIT/outputs/wildfire_GABAM2024/country_results/PYF_GABAM2024.csv,111433,111433,89416,0,0,0.0,80.24193910242029,Tile coverage 80.242% is below 99.000%.
2026-07-31T12:14:38.234811+00:00,ATF,2024,completed_low_coverage,completed,2026-07-31T12:14:36.647158+00:00,2026-07-31T12:14:38.232437+00:00,0.026421525715462243,/home/jovyan/BIT/outputs/wildfire_GABAM2024/country_results/ATF_GABAM2024.csv,372,372,12,0,0,0.0,3.225806451612903,Tile coverage 3.226% is below 99.000%.
2026-07-31T12:15:17.594231+00:00,GAB,2024,completed_low_coverage,completed,2026-07-31T12:14:45.659590+00:00,2026-07-31T12:15:17.592000+00:00,0.5322070485000343,/home/jovyan/BIT/outputs/wildfire_GABAM2024/country_results/GAB_GABAM2024.csv,820028,820028,328560,2214,2214,0.26999078080260674,40.066924544039956,Tile coverage 40.067% is below 99.000%.
2026-07-31T12:15:23.966557+00:00,GMB,2024,completed_low_coverage,completed,2026-07-31T12:15:19.843640+00:00,2026-07-31T12:15:23.964255+00:00,0.06867706096575905,/home/jovyan/BIT/outputs/wildfire_GABAM2024/country_results/GMB_GABAM2024.csv,717623,717623,0,0,0,0.0,0.0,Tile coverage 0.000% is below 99.000%.
2026-07-31T12:15:31.472466+00:00,GEO,2024,completed_low_coverage,completed,2026-07-31T12:15:26.272389+00:00,2026-07-31T12:15:31.469985+00:00,0.08662678191515928,/home/jovyan/BIT/outputs/wildfire_GABAM2024/country_results/GEO_GABAM2024.csv,1435779,1435779,0,0,0,0.0,0.0,Tile coverage 0.000% is below 99.000%.
2026-07-31T12:59:09.992220+00:00,DEU,2024,completed_low_coverage,completed,2026-07-31T12:15:33.806558+00:00,2026-07-31T12:59:09.988374+00:00,43.603030438682374,/home/jovyan/BIT/outputs/wildfire_GABAM2024/country_results/DEU_GABAM2024.csv,44109854,44109854,31251047,431,431,0.0009771059319307654,70.84822135208155,Tile coverage 70.848% is below 99.000%.
2026-07-31T13:14:49.508334+00:00,GHA,2024,completed_low_coverage,completed,2026-07-31T12:59:12.401623+00:00,2026-07-31T13:14:49.501348+00:00,15.61832885441642,/home/jovyan/BIT/outputs/wildfire_GABAM2024/country_results/GHA_GABAM2024.csv,12459501,12459501,11090221,30815,30815,0.247321301230282,89.01015377742657,Tile coverage 89.010% is below 99.000%.
2026-07-31T13:15:00.275119+00:00,GIB,2024,completed_low_coverage,completed,2026-07-31T13:14:57.486913+00:00,2026-07-31T13:15:00.272900+00:00,0.04643327384837903,/home/jovyan/BIT/outputs/wildfire_GABAM2024/country_results/GIB_GABAM2024.csv,2371,2371,0,0,0,0.0,0.0,Tile coverage 0.000% is below 99.000%.
2026-07-31T13:21:16.661956+00:00,GRC,2024,completed_low_coverage,completed,2026-07-31T13:15:02.751311+00:00,2026-07-31T13:21:16.658099+00:00,6.2317799284996,/home/jovyan/BIT/outputs/wildfire_GABAM2024/country_results/GRC_GABAM2024.csv,6031435,6031435,4389222,46647,46647,0.7733980387751836,72.77243309428022,Tile coverage 72.772% is below 99.000%.
2026-07-31T13:21:25.332674+00:00,GRL,2024,completed_low_coverage,completed,2026-07-31T13:21:19.194262+00:00,2026-07-31T13:21:25.330372+00:00,0.10226863638381474,/home/jovyan/BIT/outputs/wildfire_GABAM2024/country_results/GRL_GABAM2024.csv,20550,20550,19504,0,0,0.0,94.90997566909975,Tile coverage 94.910% is below 99.000%.
2026-07-31T13:21:31.331256+00:00,GRD,2024,completed_low_coverage,completed,2026-07-31T13:21:27.933218+00:00,2026-07-31T13:21:31.328975+00:00,0.05659615004939648,/home/jovyan/BIT/outputs/wildfire_GABAM2024/country_results/GRD_GABAM2024.csv,81674,81674,0,0,0,0.0,0.0,Tile coverage 0.000% is below 99.000%.
2026-07-31T13:21:37.354357+00:00,GLP,2024,completed_low_coverage,completed,2026-07-31T13:21:33.999941+00:00,2026-07-31T13:21:37.352185+00:00,0.05587088176592563,/home/jovyan/BIT/outputs/wildfire_GABAM2024/country_results/GLP_GABAM2024.csv,518734,518734,0,0,0,0.0,0.0,Tile coverage 0.000% is below 99.000%.
2026-07-31T13:21:44.948117+00:00,GUM,2024,skipped,select_gabam_tiles,2026-07-31T13:21:44.939426+00:00,2026-07-31T13:21:44.945932+00:00,0.00010856086737476289,,,,,,,,,No intersecting GABAM tiles were found.
2026-07-31T13:29:14.377633+00:00,GTM,2024,completed_low_coverage,completed,2026-07-31T13:21:47.454450+00:00,2026-07-31T13:29:14.373595+00:00,7.448652582132491,/home/jovyan/BIT/outputs/wildfire_GABAM2024/country_results/GTM_GABAM2024.csv,8546333,8546333,5185101,3408,3408,0.03987675181858699,60.670477033834274,Tile coverage 60.670% is below 99.000%.
2026-07-31T13:29:19.315883+00:00,GGY,2024,completed_low_coverage,completed,2026-07-31T13:29:16.992589+00:00,2026-07-31T13:29:19.313791+00:00,0.03868681515062538,/home/jovyan/BIT/outputs/wildfire_GABAM2024/country_results/GGY_GABAM2024.csv,12769,12769,0,0,0,0.0,0.0,Tile coverage 0.000% is below 99.000%.
2026-07-31T13:31:19.641862+00:00,GIN,2024,completed_low_coverage,completed,2026-07-31T13:29:22.102223+00:00,2026-07-31T13:31:19.637885+00:00,1.9589278761666113,/home/jovyan/BIT/outputs/wildfire_GABAM2024/country_results/GIN_GABAM2024.csv,5523102,5523102,1289131,21170,21170,0.38329909532722733,23.340706001808403,Tile coverage 23.341% is below 99.000%.
2026-07-31T13:31:26.269356+00:00,GNB,2024,completed_low_coverage,completed,2026-07-31T13:31:22.530487+00:00,2026-07-31T13:31:26.266893+00:00,0.06227370138318899,/home/jovyan/BIT/outputs/wildfire_GABAM2024/country_results/GNB_GABAM2024.csv,450166,450166,0,0,0,0.0,0.0,Tile coverage 0.000% is below 99.000%.
2026-07-31T13:31:39.004296+00:00,GUY,2024,completed_low_coverage,completed,2026-07-31T13:31:33.912307+00:00,2026-07-31T13:31:39.001856+00:00,0.0848259955838633,/home/jovyan/BIT/outputs/wildfire_GABAM2024/country_results/GUY_GABAM2024.csv,427369,427369,17840,23,23,0.005381766108444927,4.174378581506848,Tile coverage 4.174% is below 99.000%.
2026-07-31T13:37:27.401889+00:00,HTI,2024,completed,completed,2026-07-31T13:31:41.861736+00:00,2026-07-31T13:37:27.398123+00:00,5.758939908231453,/home/jovyan/BIT/outputs/wildfire_GABAM2024/country_results/HTI_GABAM2024.csv,4176742,4176742,4159044,147,147,0.0035194895926059116,99.5762726067351,
2026-07-31T13:37:30.271394+00:00,HMD,2024,skipped,select_gabam_tiles,2026-07-31T13:37:30.257819+00:00,2026-07-31T13:37:30.269198+00:00,0.0001897862161664913,,,,,,,,,No intersecting GABAM tiles were found.
2026-07-31T13:37:35.674118+00:00,VAT,2024,completed_low_coverage,completed,2026-07-31T13:37:32.997346+00:00,2026-07-31T13:37:35.671769+00:00,0.044573929116207486,/home/jovyan/BIT/outputs/wildfire_GABAM2024/country_results/VAT_GABAM2024.csv,156,156,0,0,0,0.0,0.0,Tile coverage 0.000% is below 99.000%.
2026-07-31T13:41:06.330006+00:00,HND,2024,completed_low_coverage,completed,2026-07-31T13:37:38.428582+00:00,2026-07-31T13:41:06.326283+00:00,3.4649617912829855,/home/jovyan/BIT/outputs/wildfire_GABAM2024/country_results/HND_GABAM2024.csv,4029596,4029596,2409766,807,807,0.020026821547371003,59.8016773889988,Tile coverage 59.802% is below 99.000%.
2026-07-31T13:41:15.389730+00:00,HKG,2024,skipped,resolve_ghs_obat,2026-07-31T13:41:14.202733+00:00,2026-07-31T13:41:15.387320+00:00,0.01974327828308257,,,,,,,,,GHS-OBAT country file is unavailable: HTTP 404
2026-07-31T13:41:32.012628+00:00,HUN,2024,completed_low_coverage,completed,2026-07-31T13:41:17.999636+00:00,2026-07-31T13:41:32.010219+00:00,0.2335098856012337,/home/jovyan/BIT/outputs/wildfire_GABAM2024/country_results/HUN_GABAM2024.csv,5954981,5954981,0,0,0,0.0,0.0,Tile coverage 0.000% is below 99.000%.
2026-07-31T13:41:52.822477+00:00,ISL,2024,completed_low_coverage,completed,2026-07-31T13:41:34.840422+00:00,2026-07-31T13:41:52.820211+00:00,0.29966332648182287,/home/jovyan/BIT/outputs/wildfire_GABAM2024/country_results/ISL_GABAM2024.csv,267348,267348,178957,39,39,0.014587728354055389,66.93784879632538,Tile coverage 66.938% is below 99.000%.
2026-07-31T22:35:55.984410+00:00,IND,2024,completed_low_coverage,completed,2026-07-31T13:41:55.698540+00:00,2026-07-31T22:35:55.973984+00:00,534.0045909398177,/home/jovyan/BIT/outputs/wildfire_GABAM2024/country_results/IND_GABAM2024.csv,433364203,433364203,382200766,173813,173813,0.04010783511807504,88.19389403974375,Tile coverage 88.194% is below 99.000%.
2026-08-01T00:55:52.915086+00:00,IDN,2024,completed_low_coverage,completed,2026-07-31T22:35:59.448188+00:00,2026-08-01T00:55:52.911334+00:00,139.89105261340154,/home/jovyan/BIT/outputs/wildfire_GABAM2024/country_results/IDN_GABAM2024.csv,110964695,110964695,100124749,7896,7896,0.007115776779272002,90.23117578072917,Tile coverage 90.231% is below 99.000%.
2026-08-01T00:58:33.897685+00:00,IRN,2024,completed_low_coverage,completed,2026-08-01T00:56:00.852150+00:00,2026-08-01T00:58:33.888629+00:00,2.5506081382996246,/home/jovyan/BIT/outputs/wildfire_GABAM2024/country_results/IRN_GABAM2024.csv,10713712,10713712,1435935,15,15,0.0001400074969347692,13.40277767406852,Tile coverage 13.403% is below 99.000%.
2026-08-01T01:04:26.682517+00:00,IRQ,2024,completed_low_coverage,completed,2026-08-01T00:58:36.791460+00:00,2026-08-01T01:04:26.678654+00:00,5.831453430033677,/home/jovyan/BIT/outputs/wildfire_GABAM2024/country_results/IRQ_GABAM2024.csv,8273500,8273500,4089399,0,0,0.0,49.42767873330513,Tile coverage 49.428% is below 99.000%.
2026-08-01T01:09:18.329540+00:00,IRL,2024,completed_low_coverage,completed,2026-08-01T01:04:29.609601+00:00,2026-08-01T01:09:18.325614+00:00,4.811933760864971,/home/jovyan/BIT/outputs/wildfire_GABAM2024/country_results/IRL_GABAM2024.csv,3563618,3563618,3435807,4,4,0.00011224547636699557,96.41344835501448,Tile coverage 96.413% is below 99.000%.
2026-08-01T01:09:21.302654+00:00,IMN,2024,skipped,select_gabam_tiles,2026-08-01T01:09:21.288882+00:00,2026-08-01T01:09:21.300401+00:00,0.00019211371739705403,,,,,,,,,No intersecting GABAM tiles were found.
2026-08-01T01:09:31.574460+00:00,ISR,2024,completed_low_coverage,completed,2026-08-01T01:09:24.085134+00:00,2026-08-01T01:09:31.572286+00:00,0.12478604071657173,/home/jovyan/BIT/outputs/wildfire_GABAM2024/country_results/ISR_GABAM2024.csv,1398120,1398120,11357,0,0,0.0,0.8123050954138414,Tile coverage 0.812% is below 99.000%.
2026-08-01T01:27:10.340379+00:00,ITA,2024,completed_low_coverage,completed,2026-08-01T01:09:39.552638+00:00,2026-08-01T01:27:10.333292+00:00,17.51301109101623,/home/jovyan/BIT/outputs/wildfire_GABAM2024/country_results/ITA_GABAM2024.csv,21350501,21350501,12214483,23149,23149,0.10842368523342848,57.20935073139501,Tile coverage 57.209% is below 99.000%.
2026-08-01T01:27:19.782677+00:00,JAM,2024,completed_low_coverage,completed,2026-08-01T01:27:13.798901+00:00,2026-08-01T01:27:19.780274+00:00,0.09968981663308417,/home/jovyan/BIT/outputs/wildfire_GABAM2024/country_results/JAM_GABAM2024.csv,1581015,1581015,0,0,0,0.0,0.0,Tile coverage 0.000% is below 99.000%.
2026-08-01T02:34:18.375266+00:00,JPN,2024,completed_low_coverage,completed,2026-08-01T01:27:22.853074+00:00,2026-08-01T02:34:18.368350+00:00,66.9252547882672,/home/jovyan/BIT/outputs/wildfire_GABAM2024/country_results/JPN_GABAM2024.csv,49679737,49679737,48246730,340,340,0.0006843836552516371,97.115510092173,Tile coverage 97.116% is below 99.000%.
2026-08-01T02:34:24.682452+00:00,JEY,2024,completed_low_coverage,completed,2026-08-01T02:34:21.746623+00:00,2026-08-01T02:34:24.680228+00:00,0.048893643700284886,/home/jovyan/BIT/outputs/wildfire_GABAM2024/country_results/JEY_GABAM2024.csv,9139,9139,0,0,0,0.0,0.0,Tile coverage 0.000% is below 99.000%.
2026-08-01T02:34:35.687751+00:00,JOR,2024,completed_low_coverage,completed,2026-08-01T02:34:27.851958+00:00,2026-08-01T02:34:35.685601+00:00,0.1305608710157685,/home/jovyan/BIT/outputs/wildfire_GABAM2024/country_results/JOR_GABAM2024.csv,1218815,1218815,35153,0,0,0.0,2.884194894221026,Tile coverage 2.884% is below 99.000%.
2026-08-01T02:43:07.292837+00:00,KAZ,2024,completed_low_coverage,completed,2026-08-01T02:34:43.801494+00:00,2026-08-01T02:43:07.288969+00:00,8.391458058399925,/home/jovyan/BIT/outputs/wildfire_GABAM2024/country_results/KAZ_GABAM2024.csv,7628070,7628070,5871240,5830,5830,0.07642824462806451,76.96887941510762,Tile coverage 76.969% is below 99.000%.
2026-08-01T03:09:07.300893+00:00,KEN,2024,completed_low_coverage,completed,2026-08-01T02:43:10.456555+00:00,2026-08-01T03:09:07.293966+00:00,25.947290355634564,/home/jovyan/BIT/outputs/wildfire_GABAM2024/country_results/KEN_GABAM2024.csv,27130946,27130946,18508810,13352,13352,0.049213175242765216,68.22028984908967,Tile coverage 68.220% is below 99.000%.
2026-08-01T03:09:13.882549+00:00,KIR,2024,completed_low_coverage,completed,2026-08-01T03:09:11.101122+00:00,2026-08-01T03:09:13.879998+00:00,0.04631477301591076,/home/jovyan/BIT/outputs/wildfire_GABAM2024/country_results/KIR_GABAM2024.csv,47314,47314,0,0,0,0.0,0.0,Tile coverage 0.000% is below 99.000%.
2026-08-01T03:10:13.729392+00:00,PRK,2024,completed_low_coverage,completed,2026-08-01T03:09:17.057565+00:00,2026-08-01T03:10:13.727206+00:00,0.9444941870169714,/home/jovyan/BIT/outputs/wildfire_GABAM2024/country_results/PRK_GABAM2024.csv,828321,828321,629124,4,4,0.00048290457443430745,75.9517143716023,Tile coverage 75.952% is below 99.000%.
2026-08-01T03:10:36.559335+00:00,KOR,2024,completed_low_coverage,completed,2026-08-01T03:10:16.807369+00:00,2026-08-01T03:10:36.557123+00:00,0.32916326919997424,/home/jovyan/BIT/outputs/wildfire_GABAM2024/country_results/KOR_GABAM2024.csv,907417,907417,80948,0,0,0.0,8.920705695396935,Tile coverage 8.921% is below 99.000%.
2026-08-01T03:11:04.252393+00:00,KWT,2024,completed_low_coverage,completed,2026-08-01T03:10:44.831560+00:00,2026-08-01T03:11:04.250109+00:00,0.3236426630348433,/home/jovyan/BIT/outputs/wildfire_GABAM2024/country_results/KWT_GABAM2024.csv,228652,228652,210274,0,0,0.0,91.9624582334727,Tile coverage 91.962% is below 99.000%.
2026-08-01T03:11:23.717424+00:00,KGZ,2024,completed_low_coverage,completed,2026-08-01T03:11:07.539589+00:00,2026-08-01T03:11:23.715069+00:00,0.2695914477827804,/home/jovyan/BIT/outputs/wildfire_GABAM2024/country_results/KGZ_GABAM2024.csv,2195708,2195708,77971,1,1,4.554339648077067e-05,3.5510641670021696,Tile coverage 3.551% is below 99.000%.
2026-08-01T03:15:20.349674+00:00,LAO,2024,completed_low_coverage,completed,2026-08-01T03:11:26.902140+00:00,2026-08-01T03:15:20.345782+00:00,3.8907275656839677,/home/jovyan/BIT/outputs/wildfire_GABAM2024/country_results/LAO_GABAM2024.csv,4777408,4777408,2639477,3586,3586,0.07506162337401369,55.24914346859217,Tile coverage 55.249% is below 99.000%.
2026-08-01T03:15:29.052766+00:00,LVA,2024,completed_low_coverage,completed,2026-08-01T03:15:23.756353+00:00,2026-08-01T03:15:29.050273+00:00,0.08823217185175357,/home/jovyan/BIT/outputs/wildfire_GABAM2024/country_results/LVA_GABAM2024.csv,1381245,1381245,0,0,0,0.0,0.0,Tile coverage 0.000% is below 99.000%.
2026-08-01T03:15:36.554692+00:00,LBN,2024,completed_low_coverage,completed,2026-08-01T03:15:32.508744+00:00,2026-08-01T03:15:36.552457+00:00,0.06739539224848462,/home/jovyan/BIT/outputs/wildfire_GABAM2024/country_results/LBN_GABAM2024.csv,1113995,1113995,0,0,0,0.0,0.0,Tile coverage 0.000% is below 99.000%.
2026-08-01T03:16:11.193362+00:00,LSO,2024,completed_low_coverage,completed,2026-08-01T03:15:45.056436+00:00,2026-08-01T03:16:11.191106+00:00,0.4355780192670257,/home/jovyan/BIT/outputs/wildfire_GABAM2024/country_results/LSO_GABAM2024.csv,1648491,1648491,248176,511,511,0.03099804609185006,15.054737939121294,Tile coverage 15.055% is below 99.000%.
2026-08-01T03:16:14.540446+00:00,LBR,2024,skipped,select_gabam_tiles,2026-08-01T03:16:14.528063+00:00,2026-08-01T03:16:14.538008+00:00,0.0001658473163843155,,,,,,,,,No intersecting GABAM tiles were found.
2026-08-01T03:16:31.600737+00:00,LBY,2024,completed_low_coverage,completed,2026-08-01T03:16:17.818001+00:00,2026-08-01T03:16:31.598388+00:00,0.2296733307671578,/home/jovyan/BIT/outputs/wildfire_GABAM2024/country_results/LBY_GABAM2024.csv,2808920,2808920,42933,0,0,0.0,1.52845221651026,Tile coverage 1.528% is below 99.000%.
2026-08-01T03:16:37.563511+00:00,LIE,2024,completed_low_coverage,completed,2026-08-01T03:16:35.021721+00:00,2026-08-01T03:16:37.561348+00:00,0.04232726955087855,/home/jovyan/BIT/outputs/wildfire_GABAM2024/country_results/LIE_GABAM2024.csv,18373,18373,0,0,0,0.0,0.0,Tile coverage 0.000% is below 99.000%.
2026-08-01T03:18:12.523077+00:00,LTU,2024,completed_low_coverage,completed,2026-08-01T03:16:41.012204+00:00,2026-08-01T03:18:12.518963+00:00,1.525112862784105,/home/jovyan/BIT/outputs/wildfire_GABAM2024/country_results/LTU_GABAM2024.csv,2519751,2519751,1036352,11,11,0.0004365510719114706,41.129143316145125,Tile coverage 41.129% is below 99.000%.
2026-08-01T03:18:25.815085+00:00,MAC,2024,skipped,resolve_ghs_obat,2026-08-01T03:18:24.582216+00:00,2026-08-01T03:18:25.812154+00:00,0.02049914098267133,,,,,,,,,GHS-OBAT country file is unavailable: HTTP 404
2026-08-01T03:32:46.455230+00:00,MDG,2024,completed_low_coverage,completed,2026-08-01T03:18:29.298150+00:00,2026-08-01T03:32:46.447777+00:00,14.285827303099602,/home/jovyan/BIT/outputs/wildfire_GABAM2024/country_results/MDG_GABAM2024.csv,12438263,12438263,10248314,47517,47517,0.3820227953051001,82.39344995358275,Tile coverage 82.393% is below 99.000%.
2026-08-01T03:46:01.916242+00:00,MWI,2024,completed_low_coverage,completed,2026-08-01T03:32:50.439910+00:00,2026-08-01T03:46:01.912039+00:00,13.191202338200917,/home/jovyan/BIT/outputs/wildfire_GABAM2024/country_results/MWI_GABAM2024.csv,10569714,10569714,9395487,133176,133176,1.2599773276741453,88.8906454800953,Tile coverage 88.891% is below 99.000%.
2026-08-01T03:55:37.155407+00:00,MYS,2024,completed_low_coverage,completed,2026-08-01T03:46:05.619324+00:00,2026-08-01T03:55:37.148591+00:00,9.52548794648222,/home/jovyan/BIT/outputs/wildfire_GABAM2024/country_results/MYS_GABAM2024.csv,10504664,10504664,6767255,172,172,0.001637367934852557,64.42143223238745,Tile coverage 64.421% is below 99.000%.
2026-08-01T03:55:55.213970+00:00,MDV,2024,completed_low_coverage,completed,2026-08-01T03:55:46.245132+00:00,2026-08-01T03:55:55.211666+00:00,0.14944240603169115,/home/jovyan/BIT/outputs/wildfire_GABAM2024/country_results/MDV_GABAM2024.csv,150289,150289,96749,0,0,0.0,64.37530358176579,Tile coverage 64.375% is below 99.000%.
2026-08-01T04:04:31.552399+00:00,MLI,2024,completed_low_coverage,completed,2026-08-01T03:55:58.745343+00:00,2026-08-01T04:04:31.548414+00:00,8.546718012634665,/home/jovyan/BIT/outputs/wildfire_GABAM2024/country_results/MLI_GABAM2024.csv,6181249,6181249,6102146,11970,11970,0.19365018299699624,98.72027481824466,Tile coverage 98.720% is below 99.000%.
2026-08-01T04:04:38.149533+00:00,MLT,2024,completed_low_coverage,completed,2026-08-01T04:04:35.615516+00:00,2026-08-01T04:04:38.147162+00:00,0.04219430076579253,/home/jovyan/BIT/outputs/wildfire_GABAM2024/country_results/MLT_GABAM2024.csv,75626,75626,0,0,0,0.0,0.0,Tile coverage 0.000% is below 99.000%.
2026-08-01T04:04:45.748423+00:00,MHL,2024,completed_low_coverage,completed,2026-08-01T04:04:41.943026+00:00,2026-08-01T04:04:45.746124+00:00,0.06338515056607624,/home/jovyan/BIT/outputs/wildfire_GABAM2024/country_results/MHL_GABAM2024.csv,9342,9342,8555,0,0,0.0,91.57567972596874,Tile coverage 91.576% is below 99.000%.
2026-08-01T04:04:52.471253+00:00,MTQ,2024,completed_low_coverage,completed,2026-08-01T04:04:49.649036+00:00,2026-08-01T04:04:52.468943+00:00,0.046998680701168874,/home/jovyan/BIT/outputs/wildfire_GABAM2024/country_results/MTQ_GABAM2024.csv,409059,409059,0,0,0,0.0,0.0,Tile coverage 0.000% is below 99.000%.
2026-08-01T04:08:27.490544+00:00,MRT,2024,completed_low_coverage,completed,2026-08-01T04:05:01.399266+00:00,2026-08-01T04:08:27.486390+00:00,3.434785600099713,/home/jovyan/BIT/outputs/wildfire_GABAM2024/country_results/MRT_GABAM2024.csv,2485519,2485519,2422538,158,158,0.006356821251416706,97.46608253648434,Tile coverage 97.466% is below 99.000%.
2026-08-01T04:09:11.188144+00:00,MUS,2024,completed_low_coverage,completed,2026-08-01T04:08:31.295506+00:00,2026-08-01T04:09:11.185950+00:00,0.6648409018001985,/home/jovyan/BIT/outputs/wildfire_GABAM2024/country_results/MUS_GABAM2024.csv,505432,505432,476495,1121,1121,0.22179046835182575,94.27479858813847,Tile coverage 94.275% is below 99.000%.
2026-08-01T04:09:17.364659+00:00,MYT,2024,completed_low_coverage,completed,2026-08-01T04:09:14.989384+00:00,2026-08-01T04:09:17.362480+00:00,0.039551769266836345,/home/jovyan/BIT/outputs/wildfire_GABAM2024/country_results/MYT_GABAM2024.csv,92160,92160,0,0,0,0.0,0.0,Tile coverage 0.000% is below 99.000%.
2026-08-01T05:37:35.396130+00:00,MEX,2024,completed_low_coverage,completed,2026-08-01T04:09:21.178972+00:00,2026-08-01T05:37:35.382389+00:00,88.23672379438455,/home/jovyan/BIT/outputs/wildfire_GABAM2024/country_results/MEX_GABAM2024.csv,70606070,70606070,63626770,27236,27236,0.0385745871424369,90.11515582158871,Tile coverage 90.115% is below 99.000%.
2026-08-01T05:37:45.579135+00:00,FSM,2024,completed_low_coverage,completed,2026-08-01T05:37:40.170096+00:00,2026-08-01T05:37:45.576692+00:00,0.09011014925005535,/home/jovyan/BIT/outputs/wildfire_GABAM2024/country_results/FSM_GABAM2024.csv,28030,28030,0,0,0,0.0,0.0,Tile coverage 0.000% is below 99.000%.
2026-08-01T05:38:02.217864+00:00,MDA,2024,completed_low_coverage,completed,2026-08-01T05:37:54.699801+00:00,2026-08-01T05:38:02.215008+00:00,0.12525361788187486,/home/jovyan/BIT/outputs/wildfire_GABAM2024/country_results/MDA_GABAM2024.csv,2418288,2418288,0,0,0,0.0,0.0,Tile coverage 0.000% is below 99.000%.
2026-08-01T05:38:08.155117+00:00,MCO,2024,completed_low_coverage,completed,2026-08-01T05:38:06.256172+00:00,2026-08-01T05:38:08.152555+00:00,0.03160651016514748,/home/jovyan/BIT/outputs/wildfire_GABAM2024/country_results/MCO_GABAM2024.csv,1279,1279,0,0,0,0.0,0.0,Tile coverage 0.000% is below 99.000%.
2026-08-01T05:39:18.010363+00:00,MNG,2024,completed_low_coverage,completed,2026-08-01T05:38:12.041369+00:00,2026-08-01T05:39:18.005176+00:00,1.0993969664346273,/home/jovyan/BIT/outputs/wildfire_GABAM2024/country_results/MNG_GABAM2024.csv,734921,734921,718233,63,63,0.008572349953260283,97.72927974571417,Tile coverage 97.729% is below 99.000%.
2026-08-01T05:39:25.635102+00:00,MNE,2024,completed_low_coverage,completed,2026-08-01T05:39:22.230477+00:00,2026-08-01T05:39:25.632847+00:00,0.05670636810051898,/home/jovyan/BIT/outputs/wildfire_GABAM2024/country_results/MNE_GABAM2024.csv,376271,376271,0,0,0,0.0,0.0,Tile coverage 0.000% is below 99.000%.
2026-08-01T05:39:31.619206+00:00,MSR,2024,completed_low_coverage,completed,2026-08-01T05:39:29.619614+00:00,2026-08-01T05:39:31.616870+00:00,0.03328774459854079,/home/jovyan/BIT/outputs/wildfire_GABAM2024/country_results/MSR_GABAM2024.csv,6943,6943,0,0,0,0.0,0.0,Tile coverage 0.000% is below 99.000%.
2026-08-01T05:44:26.394006+00:00,MAR,2024,completed_low_coverage,completed,2026-08-01T05:39:40.743803+00:00,2026-08-01T05:44:26.389835+00:00,4.760767368349479,/home/jovyan/BIT/outputs/wildfire_GABAM2024/country_results/MAR_GABAM2024.csv,4156898,4156898,3348347,2422,2422,0.058264600189853105,80.54917392728905,Tile coverage 80.549% is below 99.000%.
2026-08-01T06:04:00.653185+00:00,MOZ,2024,completed_low_coverage,completed,2026-08-01T05:44:30.401717+00:00,2026-08-01T06:04:00.649102+00:00,19.504123225117414,/home/jovyan/BIT/outputs/wildfire_GABAM2024/country_results/MOZ_GABAM2024.csv,18196231,18196231,13958453,633400,633400,3.4809406409492163,76.71068255838256,Tile coverage 76.711% is below 99.000%.
2026-08-01T06:18:29.939253+00:00,MMR,2024,completed_low_coverage,completed,2026-08-01T06:04:05.446634+00:00,2026-08-01T06:18:29.935349+00:00,14.408145404834068,/home/jovyan/BIT/outputs/wildfire_GABAM2024/country_results/MMR_GABAM2024.csv,10733541,10733541,10376717,19557,19557,0.18220454927222993,96.67561711461298,Tile coverage 96.676% is below 99.000%.
2026-08-01T06:19:52.170405+00:00,NAM,2024,completed_low_coverage,completed,2026-08-01T06:18:34.013589+00:00,2026-08-01T06:19:52.166506+00:00,1.3025487920832044,/home/jovyan/BIT/outputs/wildfire_GABAM2024/country_results/NAM_GABAM2024.csv,3200711,3200711,834885,136,136,0.004249055912889355,26.084360631122273,Tile coverage 26.084% is below 99.000%.
2026-08-01T06:19:56.399840+00:00,NRU,2024,skipped,select_gabam_tiles,2026-08-01T06:19:56.387441+00:00,2026-08-01T06:19:56.397798+00:00,0.00017273921597128113,,,,,,,,,No intersecting GABAM tiles were found.
2026-08-01T06:29:35.308231+00:00,NPL,2024,completed_low_coverage,completed,2026-08-01T06:20:05.449593+00:00,2026-08-01T06:29:35.301041+00:00,9.49752429370031,/home/jovyan/BIT/outputs/wildfire_GABAM2024/country_results/NPL_GABAM2024.csv,13479699,13479699,6633202,2178,2178,0.016157630819501237,49.20882877280865,Tile coverage 49.209% is below 99.000%.
2026-08-01T06:30:04.098281+00:00,NLD,2024,completed_low_coverage,completed,2026-08-01T06:29:39.545406+00:00,2026-08-01T06:30:04.096058+00:00,0.4091777266158412,/home/jovyan/BIT/outputs/wildfire_GABAM2024/country_results/NLD_GABAM2024.csv,11752316,11752316,0,0,0,0.0,0.0,Tile coverage 0.000% is below 99.000%.
2026-08-01T06:30:08.784395+00:00,NCL,2024,completed_low_coverage,completed,2026-08-01T06:30:08.247135+00:00,2026-08-01T06:30:08.782121+00:00,0.008916604400534803,/home/jovyan/BIT/outputs/wildfire_GABAM2024/country_results/NCL_GABAM2024.csv,79559,79559,0,0,0,0.0,0.0,Tile coverage 0.000% is below 99.000%.
2026-08-01T06:33:50.129473+00:00,NZL,2024,completed_low_coverage,completed,2026-08-01T06:30:12.936223+00:00,2026-08-01T06:33:50.125602+00:00,3.6198231765515327,/home/jovyan/BIT/outputs/wildfire_GABAM2024/country_results/NZL_GABAM2024.csv,3495543,3495543,2544448,345,345,0.009869711229414142,72.79120869060972,Tile coverage 72.791% is below 99.000%.
2026-08-01T06:34:33.151958+00:00,NIC,2024,completed_low_coverage,completed,2026-08-01T06:33:54.538294+00:00,2026-08-01T06:34:33.149715+00:00,0.6435238136502448,/home/jovyan/BIT/outputs/wildfire_GABAM2024/country_results/NIC_GABAM2024.csv,2607366,2607366,376179,244,244,0.009358103158513228,14.42754872158339,Tile coverage 14.428% is below 99.000%.
2026-08-01T06:47:57.732164+00:00,NER,2024,completed_low_coverage,completed,2026-08-01T06:34:42.497763+00:00,2026-08-01T06:47:57.728268+00:00,13.253841920233874,/home/jovyan/BIT/outputs/wildfire_GABAM2024/country_results/NER_GABAM2024.csv,9630014,9630014,9496596,1623,1623,0.016853558052978945,98.6145606849585,Tile coverage 98.615% is below 99.000%.
2026-08-01T07:42:56.848730+00:00,NGA,2024,completed_low_coverage,completed,2026-08-01T06:48:01.973469+00:00,2026-08-01T07:42:56.840516+00:00,54.91445102818155,/home/jovyan/BIT/outputs/wildfire_GABAM2024/country_results/NGA_GABAM2024.csv,65060774,65060774,37573883,111389,111389,0.1712076158208631,57.751976636490674,Tile coverage 57.752% is below 99.000%.
2026-08-01T07:43:01.785674+00:00,NIU,2024,skipped,select_gabam_tiles,2026-08-01T07:43:01.768575+00:00,2026-08-01T07:43:01.783694+00:00,0.00025211330115174253,,,,,,,,,No intersecting GABAM tiles were found.
2026-08-01T07:43:06.107156+00:00,NFK,2024,skipped,select_gabam_tiles,2026-08-01T07:43:06.100692+00:00,2026-08-01T07:43:06.105002+00:00,7.19409998661528e-05,,,,,,,,,No intersecting GABAM tiles were found.
2026-08-01T07:43:14.434390+00:00,MKD,2024,completed_low_coverage,completed,2026-08-01T07:43:10.327267+00:00,2026-08-01T07:43:14.432090+00:00,0.06841389294907761,/home/jovyan/BIT/outputs/wildfire_GABAM2024/country_results/MKD_GABAM2024.csv,782243,782243,0,0,0,0.0,0.0,Tile coverage 0.000% is below 99.000%.
2026-08-01T07:43:27.496481+00:00,MNP,2024,completed,completed,2026-08-01T07:43:23.957920+00:00,2026-08-01T07:43:27.494228+00:00,0.058938695300215234,/home/jovyan/BIT/outputs/wildfire_GABAM2024/country_results/MNP_GABAM2024.csv,15632,15632,15632,3,3,0.0191914022517912,100.0,
2026-08-01T07:48:46.867384+00:00,NOR,2024,completed_low_coverage,completed,2026-08-01T07:43:31.961869+00:00,2026-08-01T07:48:46.863384+00:00,5.248358773932948,/home/jovyan/BIT/outputs/wildfire_GABAM2024/country_results/NOR_GABAM2024.csv,5224319,5224319,3680765,15,15,0.0002871187613160682,70.45444583303585,Tile coverage 70.454% is below 99.000%.
2026-08-01T07:49:35.982015+00:00,OMN,2024,completed_low_coverage,completed,2026-08-01T07:48:51.247522+00:00,2026-08-01T07:49:35.979819+00:00,0.7455384419338468,/home/jovyan/BIT/outputs/wildfire_GABAM2024/country_results/OMN_GABAM2024.csv,602943,602943,482273,0,0,0.0,79.98649955302574,Tile coverage 79.986% is below 99.000%.
2026-08-01T09:06:47.773050+00:00,PAK,2024,completed_low_coverage,completed,2026-08-01T07:49:40.312632+00:00,2026-08-01T09:06:47.764394+00:00,77.1241962514158,/home/jovyan/BIT/outputs/wildfire_GABAM2024/country_results/PAK_GABAM2024.csv,59134838,59134838,55519745,3869,3869,0.0065426745567477495,93.88669501385968,Tile coverage 93.887% is below 99.000%.
2026-08-01T09:06:56.358399+00:00,PLW,2024,completed_low_coverage,completed,2026-08-01T09:06:53.423763+00:00,2026-08-01T09:06:56.356158+00:00,0.04887345420041432,/home/jovyan/BIT/outputs/wildfire_GABAM2024/country_results/PLW_GABAM2024.csv,4377,4377,0,0,0,0.0,0.0,Tile coverage 0.000% is below 99.000%.
2026-08-01T09:07:11.101487+00:00,PSE,2024,completed_low_coverage,completed,2026-08-01T09:07:06.287832+00:00,2026-08-01T09:07:11.099049+00:00,0.0801869648314702,/home/jovyan/BIT/outputs/wildfire_GABAM2024/country_results/PSE_GABAM2024.csv,1022539,1022539,0,0,0,0.0,0.0,Tile coverage 0.000% is below 99.000%.
2026-08-01T09:07:37.511620+00:00,PAN,2024,completed_low_coverage,completed,2026-08-01T09:07:15.835794+00:00,2026-08-01T09:07:37.509290+00:00,0.36122501723390693,/home/jovyan/BIT/outputs/wildfire_GABAM2024/country_results/PAN_GABAM2024.csv,1876721,1876721,0,0,0,0.0,0.0,Tile coverage 0.000% is below 99.000%.
2026-08-01T09:08:14.840000+00:00,PNG,2024,completed_low_coverage,completed,2026-08-01T09:07:42.086821+00:00,2026-08-01T09:08:14.837686+00:00,0.5458479342322486,/home/jovyan/BIT/outputs/wildfire_GABAM2024/country_results/PNG_GABAM2024.csv,627012,627012,324362,9,9,0.001435379227191824,51.731386321154936,Tile coverage 51.731% is below 99.000%.
2026-08-01T09:14:14.033056+00:00,PRY,2024,completed_low_coverage,completed,2026-08-01T09:08:19.597920+00:00,2026-08-01T09:14:14.029007+00:00,5.907184943533503,/home/jovyan/BIT/outputs/wildfire_GABAM2024/country_results/PRY_GABAM2024.csv,4275696,4275696,4179967,15088,15088,0.3528782214638272,97.7610896565144,Tile coverage 97.761% is below 99.000%.
2026-08-01T09:37:44.189334+00:00,PER,2024,completed_low_coverage,completed,2026-08-01T09:14:18.670812+00:00,2026-08-01T09:37:44.185696+00:00,23.42524817499992,/home/jovyan/BIT/outputs/wildfire_GABAM2024/country_results/PER_GABAM2024.csv,17961563,17961563,16845449,9666,9666,0.05381491577319858,93.7860975684577,Tile coverage 93.786% is below 99.000%.
2026-08-01T10:24:30.149065+00:00,PHL,2024,completed_low_coverage,completed,2026-08-01T09:37:53.808377+00:00,2026-08-01T10:24:30.141951+00:00,46.605559746983154,/home/jovyan/BIT/outputs/wildfire_GABAM2024/country_results/PHL_GABAM2024.csv,34413619,34413619,33654813,8284,8284,0.024071865269386518,97.79504155026532,Tile coverage 97.795% is below 99.000%.
2026-08-01T10:24:38.740451+00:00,PCN,2024,completed,completed,2026-08-01T10:24:35.637918+00:00,2026-08-01T10:24:38.738132+00:00,0.05167042413377203,/home/jovyan/BIT/outputs/wildfire_GABAM2024/country_results/PCN_GABAM2024.csv,164,164,164,0,0,0.0,100.0,
2026-08-01T10:28:54.781078+00:00,POL,2024,completed_low_coverage,completed,2026-08-01T10:24:43.387227+00:00,2026-08-01T10:28:54.777108+00:00,4.189831526049724,/home/jovyan/BIT/outputs/wildfire_GABAM2024/country_results/POL_GABAM2024.csv,22650014,22650014,2247658,5,5,2.207504154302068e-05,9.923428744900555,Tile coverage 9.923% is below 99.000%.
2026-08-01T10:32:51.619677+00:00,PRT,2024,completed_low_coverage,completed,2026-08-01T10:28:59.696615+00:00,2026-08-01T10:32:51.615838+00:00,3.8653205352505515,/home/jovyan/BIT/outputs/wildfire_GABAM2024/country_results/PRT_GABAM2024.csv,6467274,6467274,2778649,3141,3141,0.048567603599290826,42.964763824758315,Tile coverage 42.965% is below 99.000%.
2026-08-01T10:33:04.070319+00:00,PRI,2024,completed_low_coverage,completed,2026-08-01T10:32:56.572002+00:00,2026-08-01T10:33:04.067902+00:00,0.12493185153386245,/home/jovyan/BIT/outputs/wildfire_GABAM2024/country_results/PRI_GABAM2024.csv,2255053,2255053,0,0,0,0.0,0.0,Tile coverage 0.000% is below 99.000%.
2026-08-01T10:33:18.603212+00:00,QAT,2024,completed_low_coverage,completed,2026-08-01T10:33:14.085284+00:00,2026-08-01T10:33:18.600982+00:00,0.07526183183266161,/home/jovyan/BIT/outputs/wildfire_GABAM2024/country_results/QAT_GABAM2024.csv,541073,541073,16325,0,0,0.0,3.0171529534831714,Tile coverage 3.017% is below 99.000%.
2026-08-01T10:33:23.554320+00:00,REU,2024,skipped,select_gabam_tiles,2026-08-01T10:33:23.548096+00:00,2026-08-01T10:33:23.552220+00:00,6.882438319735228e-05,,,,,,,,,No intersecting GABAM tiles were found.
2026-08-01T10:39:35.954256+00:00,ROU,2024,completed_low_coverage,completed,2026-08-01T10:33:28.366425+00:00,2026-08-01T10:39:35.950071+00:00,6.126394302450353,/home/jovyan/BIT/outputs/wildfire_GABAM2024/country_results/ROU_GABAM2024.csv,12706192,12706192,4112794,291,291,0.0022902219642202794,32.36842320657519,Tile coverage 32.368% is below 99.000%.
2026-08-01T12:19:51.821268+00:00,RUS,2024,completed,completed,2026-08-01T10:39:40.829095+00:00,2026-08-01T12:19:51.811822+00:00,100.18304560978432,/home/jovyan/BIT/outputs/wildfire_GABAM2024/country_results/RUS_GABAM2024.csv,71845849,71845849,71683747,18687,18687,0.026009853401551424,99.77437527392848,
2026-08-01T12:20:21.552525+00:00,RWA,2024,completed_low_coverage,completed,2026-08-01T12:19:57.608694+00:00,2026-08-01T12:20:21.550285+00:00,0.39902669011498804,/home/jovyan/BIT/outputs/wildfire_GABAM2024/country_results/RWA_GABAM2024.csv,5918268,5918268,0,0,0,0.0,0.0,Tile coverage 0.000% is below 99.000%.
2026-08-01T12:20:34.921411+00:00,BLM,2024,completed_low_coverage,completed,2026-08-01T12:20:31.747853+00:00,2026-08-01T12:20:34.919206+00:00,0.05285605548415333,/home/jovyan/BIT/outputs/wildfire_GABAM2024/country_results/BLM_GABAM2024.csv,8940,8940,0,0,0,0.0,0.0,Tile coverage 0.000% is below 99.000%.
2026-08-01T12:20:39.885883+00:00,SHN,2024,skipped,select_gabam_tiles,2026-08-01T12:20:39.877208+00:00,2026-08-01T12:20:39.883647+00:00,0.00010743129920835297,,,,,,,,,No intersecting GABAM tiles were found.
2026-08-01T12:20:47.573891+00:00,KNA,2024,completed_low_coverage,completed,2026-08-01T12:20:44.749158+00:00,2026-08-01T12:20:47.571571+00:00,0.0470404077321291,/home/jovyan/BIT/outputs/wildfire_GABAM2024/country_results/KNA_GABAM2024.csv,43866,43866,0,0,0,0.0,0.0,Tile coverage 0.000% is below 99.000%.
2026-08-01T12:20:54.930021+00:00,LCA,2024,completed_low_coverage,completed,2026-08-01T12:20:52.635802+00:00,2026-08-01T12:20:54.927707+00:00,0.0381986174499616,/home/jovyan/BIT/outputs/wildfire_GABAM2024/country_results/LCA_GABAM2024.csv,102609,102609,0,0,0,0.0,0.0,Tile coverage 0.000% is below 99.000%.
2026-08-01T12:21:02.187919+00:00,MAF,2024,completed_low_coverage,completed,2026-08-01T12:21:00.181555+00:00,2026-08-01T12:21:02.185606+00:00,0.033401057834271344,/home/jovyan/BIT/outputs/wildfire_GABAM2024/country_results/MAF_GABAM2024.csv,22525,22525,0,0,0,0.0,0.0,Tile coverage 0.000% is below 99.000%.
2026-08-01T12:21:12.365963+00:00,SPM,2024,skipped,select_gabam_tiles,2026-08-01T12:21:12.357693+00:00,2026-08-01T12:21:12.363890+00:00,0.0001033916836604476,,,,,,,,,No intersecting GABAM tiles were found.
2026-08-01T12:21:19.932984+00:00,VCT,2024,completed_low_coverage,completed,2026-08-01T12:21:17.278683+00:00,2026-08-01T12:21:19.930657+00:00,0.0441984888825876,/home/jovyan/BIT/outputs/wildfire_GABAM2024/country_results/VCT_GABAM2024.csv,65281,65281,0,0,0,0.0,0.0,Tile coverage 0.000% is below 99.000%.
2026-08-01T12:21:27.619365+00:00,WSM,2024,completed_low_coverage,completed,2026-08-01T12:21:24.892648+00:00,2026-08-01T12:21:27.617019+00:00,0.04540639574988745,/home/jovyan/BIT/outputs/wildfire_GABAM2024/country_results/WSM_GABAM2024.csv,64452,64452,0,0,0,0.0,0.0,Tile coverage 0.000% is below 99.000%.
2026-08-01T12:21:34.702184+00:00,SMR,2024,completed_low_coverage,completed,2026-08-01T12:21:32.726426+00:00,2026-08-01T12:21:34.699733+00:00,0.03288860150108424,/home/jovyan/BIT/outputs/wildfire_GABAM2024/country_results/SMR_GABAM2024.csv,8451,8451,0,0,0,0.0,0.0,Tile coverage 0.000% is below 99.000%.
2026-08-01T12:21:42.077686+00:00,STP,2024,completed_low_coverage,completed,2026-08-01T12:21:39.762253+00:00,2026-08-01T12:21:42.075299+00:00,0.03855030715155105,/home/jovyan/BIT/outputs/wildfire_GABAM2024/country_results/STP_GABAM2024.csv,96439,96439,49,0,0,0.0,0.050809319880961025,Tile coverage 0.051% is below 99.000%.
2026-08-01T12:28:01.884729+00:00,SAU,2024,completed_low_coverage,completed,2026-08-01T12:21:52.364363+00:00,2026-08-01T12:28:01.880881+00:00,6.158608793083113,/home/jovyan/BIT/outputs/wildfire_GABAM2024/country_results/SAU_GABAM2024.csv,6885048,6885048,4328137,5,5,7.262113495795527e-05,62.86284423870393,Tile coverage 62.863% is below 99.000%.
2026-08-01T12:34:57.119595+00:00,SEN,2024,completed_low_coverage,completed,2026-08-01T12:28:07.263484+00:00,2026-08-01T12:34:57.115787+00:00,6.830871897150064,/home/jovyan/BIT/outputs/wildfire_GABAM2024/country_results/SEN_GABAM2024.csv,6236478,6236478,4820183,7828,7828,0.12551956408729414,77.29014677835791,Tile coverage 77.290% is below 99.000%.
2026-08-01T12:40:44.181516+00:00,SRB,2024,completed_low_coverage,completed,2026-08-01T12:35:02.450250+00:00,2026-08-01T12:40:44.177753+00:00,5.695458530549271,/home/jovyan/BIT/outputs/wildfire_GABAM2024/country_results/SRB_GABAM2024.csv,5113788,5113788,4037545,288,288,0.005631832997378851,78.95409430347914,Tile coverage 78.954% is below 99.000%.
2026-08-01T12:40:50.719419+00:00,SYC,2024,completed_low_coverage,completed,2026-08-01T12:40:49.400048+00:00,2026-08-01T12:40:50.717058+00:00,0.021950405250148228,/home/jovyan/BIT/outputs/wildfire_GABAM2024/country_results/SYC_GABAM2024.csv,54805,54805,143,0,0,0.0,0.26092509807499314,Tile coverage 0.261% is below 99.000%.
2026-08-01T12:43:13.034308+00:00,SLE,2024,completed,completed,2026-08-01T12:40:55.954975+00:00,2026-08-01T12:43:13.030451+00:00,2.2845914543509327,/home/jovyan/BIT/outputs/wildfire_GABAM2024/country_results/SLE_GABAM2024.csv,1619239,1619239,1619234,11804,11804,0.7289844179889442,99.99969121297103,
2026-08-01T12:43:26.818142+00:00,SGP,2024,completed_low_coverage,completed,2026-08-01T12:43:23.260183+00:00,2026-08-01T12:43:26.815889+00:00,0.05926189516709807,/home/jovyan/BIT/outputs/wildfire_GABAM2024/country_results/SGP_GABAM2024.csv,278129,278129,0,0,0,0.0,0.0,Tile coverage 0.000% is below 99.000%.
2026-08-01T12:43:33.804272+00:00,SXM,2024,completed_low_coverage,completed,2026-08-01T12:43:31.907685+00:00,2026-08-01T12:43:33.801599+00:00,0.03156540046717661,/home/jovyan/BIT/outputs/wildfire_GABAM2024/country_results/SXM_GABAM2024.csv,22263,22263,0,0,0,0.0,0.0,Tile coverage 0.000% is below 99.000%.
2026-08-01T12:43:48.328097+00:00,SVK,2024,completed_low_coverage,completed,2026-08-01T12:43:38.860250+00:00,2026-08-01T12:43:48.325917+00:00,0.1577612803822073,/home/jovyan/BIT/outputs/wildfire_GABAM2024/country_results/SVK_GABAM2024.csv,3415317,3415317,0,0,0,0.0,0.0,Tile coverage 0.000% is below 99.000%.
2026-08-01T12:43:59.432594+00:00,SVN,2024,completed_low_coverage,completed,2026-08-01T12:43:53.617394+00:00,2026-08-01T12:43:59.430463+00:00,0.09688460468508614,/home/jovyan/BIT/outputs/wildfire_GABAM2024/country_results/SVN_GABAM2024.csv,1295190,1295190,0,0,0,0.0,0.0,Tile coverage 0.000% is below 99.000%.
2026-08-01T12:44:06.230637+00:00,SLB,2024,completed_low_coverage,completed,2026-08-01T12:44:04.763515+00:00,2026-08-01T12:44:06.228385+00:00,0.024414685366597647,/home/jovyan/BIT/outputs/wildfire_GABAM2024/country_results/SLB_GABAM2024.csv,82076,82076,4364,0,0,0.0,5.317023246746918,Tile coverage 5.317% is below 99.000%.
2026-08-01T12:46:20.037092+00:00,SOM,2024,completed_low_coverage,completed,2026-08-01T12:44:16.587906+00:00,2026-08-01T12:46:20.033092+00:00,2.057419940417943,/home/jovyan/BIT/outputs/wildfire_GABAM2024/country_results/SOM_GABAM2024.csv,3282229,3282229,1389601,141,141,0.004295861135831778,42.33711298023386,Tile coverage 42.337% is below 99.000%.
2026-08-01T13:32:42.911196+00:00,ZAF,2024,completed_low_coverage,completed,2026-08-01T12:46:25.466566+00:00,2026-08-01T13:32:42.903573+00:00,46.29061694446718,/home/jovyan/BIT/outputs/wildfire_GABAM2024/country_results/ZAF_GABAM2024.csv,38766319,38766319,33341150,847537,847537,2.186271541540996,86.00545746940792,Tile coverage 86.005% is below 99.000%.
2026-08-01T13:32:49.091021+00:00,SGS,2024,skipped,select_gabam_tiles,2026-08-01T13:32:49.066576+00:00,2026-08-01T13:32:49.088833+00:00,0.0003710628157326331,,,,,,,,,No intersecting GABAM tiles were found.
2026-08-01T13:38:25.970655+00:00,SSD,2024,completed_low_coverage,completed,2026-08-01T13:32:54.369713+00:00,2026-08-01T13:38:25.966848+00:00,5.526619169032589,/home/jovyan/BIT/outputs/wildfire_GABAM2024/country_results/SSD_GABAM2024.csv,4097008,4097008,3939611,150521,150521,3.673924971589023,96.15824523652383,Tile coverage 96.158% is below 99.000%.
2026-08-01T13:42:43.234090+00:00,ESP,2024,completed_low_coverage,completed,2026-08-01T13:38:31.660779+00:00,2026-08-01T13:42:43.227104+00:00,4.192772249751337,/home/jovyan/BIT/outputs/wildfire_GABAM2024/country_results/ESP_GABAM2024.csv,9175330,9175330,2826403,1651,1651,0.017993903216560057,30.80437433857965,Tile coverage 30.804% is below 99.000%.
2026-08-01T13:42:54.487684+00:00,LKA,2024,skipped,select_gabam_tiles,2026-08-01T13:42:54.443206+00:00,2026-08-01T13:42:54.485382+00:00,0.0007030923326965422,,,,,,,,,No intersecting GABAM tiles were found.
2026-08-01T14:17:12.620436+00:00,SDN,2024,completed,completed,2026-08-01T13:42:59.877849+00:00,2026-08-01T14:17:12.611811+00:00,34.21223286431632,/home/jovyan/BIT/outputs/wildfire_GABAM2024/country_results/SDN_GABAM2024.csv,24804914,24804914,24619685,65575,65575,0.2643629403431917,99.25325683451271,
2026-08-01T14:17:26.675143+00:00,SUR,2024,completed_low_coverage,completed,2026-08-01T14:17:18.921728+00:00,2026-08-01T14:17:26.673066+00:00,0.129189085616963,/home/jovyan/BIT/outputs/wildfire_GABAM2024/country_results/SUR_GABAM2024.csv,419354,419354,45718,9,9,0.002146158138470123,10.902006419397454,Tile coverage 10.902% is below 99.000%.
2026-08-01T14:17:33.514086+00:00,SJM,2024,completed_low_coverage,completed,2026-08-01T14:17:32.304876+00:00,2026-08-01T14:17:33.511870+00:00,0.02011674563206422,/home/jovyan/BIT/outputs/wildfire_GABAM2024/country_results/SJM_GABAM2024.csv,129384,129384,48,0,0,0.0,0.03709886848451122,Tile coverage 0.037% is below 99.000%.
2026-08-01T14:27:11.055695+00:00,SWE,2024,completed_low_coverage,completed,2026-08-01T14:17:38.995129+00:00,2026-08-01T14:27:11.051701+00:00,9.534276349248831,/home/jovyan/BIT/outputs/wildfire_GABAM2024/country_results/SWE_GABAM2024.csv,7251299,7251299,6848060,85,85,0.0011722037665251425,94.43907912223727,Tile coverage 94.439% is below 99.000%.
2026-08-01T14:27:30.145073+00:00,CHE,2024,completed_low_coverage,completed,2026-08-01T14:27:21.726194+00:00,2026-08-01T14:27:30.142782+00:00,0.140276622849827,/home/jovyan/BIT/outputs/wildfire_GABAM2024/country_results/CHE_GABAM2024.csv,2866499,2866499,0,0,0,0.0,0.0,Tile coverage 0.000% is below 99.000%.
2026-08-01T14:29:53.400943+00:00,SYR,2024,completed_low_coverage,completed,2026-08-01T14:27:35.821231+00:00,2026-08-01T14:29:53.397065+00:00,2.2929307669828023,/home/jovyan/BIT/outputs/wildfire_GABAM2024/country_results/SYR_GABAM2024.csv,5050963,5050963,1556378,1194,1194,0.023639056552186188,30.813490417569877,Tile coverage 30.813% is below 99.000%.
2026-08-01T14:30:28.220600+00:00,TWN,2024,completed_low_coverage,completed,2026-08-01T14:29:59.121469+00:00,2026-08-01T14:30:28.218299+00:00,0.48494734626535013,/home/jovyan/BIT/outputs/wildfire_GABAM2024/country_results/TWN_GABAM2024.csv,441196,441196,311054,3,3,0.0006799698999990934,70.50245242477267,Tile coverage 70.502% is below 99.000%.
2026-08-01T14:32:54.363596+00:00,TJK,2024,completed_low_coverage,completed,2026-08-01T14:30:34.017908+00:00,2026-08-01T14:32:54.359653+00:00,2.33902920736582,/home/jovyan/BIT/outputs/wildfire_GABAM2024/country_results/TJK_GABAM2024.csv,2191006,2191006,1636713,11,11,0.0005020524818279823,74.70143851728385,Tile coverage 74.701% is below 99.000%.
2026-08-01T14:55:16.449374+00:00,TZA,2024,completed_low_coverage,completed,2026-08-01T14:32:59.958433+00:00,2026-08-01T14:55:16.442167+00:00,22.274729979699867,/home/jovyan/BIT/outputs/wildfire_GABAM2024/country_results/TZA_GABAM2024.csv,30839342,30839342,15723195,109322,109322,0.3544887566018756,50.98421036350257,Tile coverage 50.984% is below 99.000%.
2026-08-01T15:56:34.028325+00:00,THA,2024,completed_low_coverage,completed,2026-08-01T14:55:27.897156+00:00,2026-08-01T15:56:34.019183+00:00,61.10203395963375,/home/jovyan/BIT/outputs/wildfire_GABAM2024/country_results/THA_GABAM2024.csv,45146479,45146479,44127479,8408,8408,0.018623822247577713,97.74290260819676,Tile coverage 97.743% is below 99.000%.
2026-08-01T15:56:44.912309+00:00,TLS,2024,completed_low_coverage,completed,2026-08-01T15:56:40.239887+00:00,2026-08-01T15:56:44.909991+00:00,0.07783521486756702,/home/jovyan/BIT/outputs/wildfire_GABAM2024/country_results/TLS_GABAM2024.csv,711264,711264,0,0,0,0.0,0.0,Tile coverage 0.000% is below 99.000%.
2026-08-01T16:01:33.143165+00:00,TGO,2024,completed_low_coverage,completed,2026-08-01T15:56:50.818903+00:00,2026-08-01T16:01:33.139262+00:00,4.705339428501126,/home/jovyan/BIT/outputs/wildfire_GABAM2024/country_results/TGO_GABAM2024.csv,4065885,4065885,3365590,10055,10055,0.24730163297781418,82.77632053046261,Tile coverage 82.776% is below 99.000%.
2026-08-01T16:01:42.449270+00:00,TKL,2024,completed_low_coverage,completed,2026-08-01T16:01:39.300640+00:00,2026-08-01T16:01:42.446901+00:00,0.05243787743384019,/home/jovyan/BIT/outputs/wildfire_GABAM2024/country_results/TKL_GABAM2024.csv,642,642,0,0,0,0.0,0.0,Tile coverage 0.000% is below 99.000%.
2026-08-01T16:01:53.334560+00:00,TON,2024,completed_low_coverage,completed,2026-08-01T16:01:48.416071+00:00,2026-08-01T16:01:53.332090+00:00,0.08193510518370507,/home/jovyan/BIT/outputs/wildfire_GABAM2024/country_results/TON_GABAM2024.csv,50191,50191,34473,0,0,0.0,68.6836285389811,Tile coverage 68.684% is below 99.000%.
2026-08-01T16:02:07.854713+00:00,TTO,2024,completed_low_coverage,completed,2026-08-01T16:02:04.323465+00:00,2026-08-01T16:02:07.852521+00:00,0.058817747951252386,/home/jovyan/BIT/outputs/wildfire_GABAM2024/country_results/TTO_GABAM2024.csv,757117,757117,0,0,0,0.0,0.0,Tile coverage 0.000% is below 99.000%.
2026-08-01T16:05:03.422055+00:00,TUN,2024,completed_low_coverage,completed,2026-08-01T16:02:14.104284+00:00,2026-08-01T16:05:03.417761+00:00,2.8218915173997328,/home/jovyan/BIT/outputs/wildfire_GABAM2024/country_results/TUN_GABAM2024.csv,5409756,5409756,1900539,0,0,0.0,35.13169540363743,Tile coverage 35.132% is below 99.000%.
2026-08-01T16:24:52.596043+00:00,TUR,2024,completed_low_coverage,completed,2026-08-01T16:05:09.907328+00:00,2026-08-01T16:24:52.591557+00:00,19.71140404343217,/home/jovyan/BIT/outputs/wildfire_GABAM2024/country_results/TUR_GABAM2024.csv,21603448,21603448,14102023,26289,26289,0.12168890817799084,65.27672341933565,Tile coverage 65.277% is below 99.000%.
2026-08-01T16:26:45.613147+00:00,TKM,2024,completed_low_coverage,completed,2026-08-01T16:24:58.565936+00:00,2026-08-01T16:26:45.609342+00:00,1.784056941200591,/home/jovyan/BIT/outputs/wildfire_GABAM2024/country_results/TKM_GABAM2024.csv,1504730,1504730,1242623,3,3,0.00019937131578422708,82.58112751124787,Tile coverage 82.581% is below 99.000%.
2026-08-01T16:26:54.523821+00:00,TCA,2024,completed_low_coverage,completed,2026-08-01T16:26:51.459816+00:00,2026-08-01T16:26:54.521521+00:00,0.05102862499964734,/home/jovyan/BIT/outputs/wildfire_GABAM2024/country_results/TCA_GABAM2024.csv,26889,26889,0,0,0,0.0,0.0,Tile coverage 0.000% is below 99.000%.
2026-08-01T16:27:07.600661+00:00,TUV,2024,completed_low_coverage,completed,2026-08-01T16:27:05.636133+00:00,2026-08-01T16:27:07.598433+00:00,0.032705170050030576,/home/jovyan/BIT/outputs/wildfire_GABAM2024/country_results/TUV_GABAM2024.csv,4197,4197,0,0,0,0.0,0.0,Tile coverage 0.000% is below 99.000%.
2026-08-01T16:32:55.842045+00:00,UGA,2024,completed_low_coverage,completed,2026-08-01T16:27:14.062073+00:00,2026-08-01T16:32:55.835016+00:00,5.696215879451484,/home/jovyan/BIT/outputs/wildfire_GABAM2024/country_results/UGA_GABAM2024.csv,22525603,22525603,3572049,4501,4501,0.01998170703798695,15.857728647708122,Tile coverage 15.858% is below 99.000%.
2026-08-01T17:01:29.618572+00:00,UKR,2024,completed_low_coverage,completed,2026-08-01T16:33:02.728928+00:00,2026-08-01T17:01:29.611326+00:00,28.448040128165545,/home/jovyan/BIT/outputs/wildfire_GABAM2024/country_results/UKR_GABAM2024.csv,27578411,27578411,20356910,48229,48229,0.17487954617834944,73.81465886486353,Tile coverage 73.815% is below 99.000%.
2026-08-01T17:02:18.117171+00:00,ARE,2024,completed_low_coverage,completed,2026-08-01T17:01:35.978071+00:00,2026-08-01T17:02:18.114899+00:00,0.7022806294340019,/home/jovyan/BIT/outputs/wildfire_GABAM2024/country_results/ARE_GABAM2024.csv,1231988,1231988,440256,0,0,0.0,35.73541300726955,Tile coverage 35.735% is below 99.000%.
2026-08-01T17:04:16.356408+00:00,GBR,2024,completed_low_coverage,completed,2026-08-01T17:02:24.396122+00:00,2026-08-01T17:04:16.352142+00:00,1.865933834934064,/home/jovyan/BIT/outputs/wildfire_GABAM2024/country_results/GBR_GABAM2024.csv,23923896,23923896,797022,0,0,0.0,3.3314891521013132,Tile coverage 3.331% is below 99.000%.
2026-08-01T20:13:07.435938+00:00,USA,2024,completed_low_coverage,completed,2026-08-01T17:04:27.832247+00:00,2026-08-01T20:13:07.432029+00:00,188.65999657051677,/home/jovyan/BIT/outputs/wildfire_GABAM2024/country_results/USA_GABAM2024.csv,154727992,154727992,137673205,31307,31307,0.02023357221620248,88.97756845445264,Tile coverage 88.978% is below 99.000%.
2026-08-01T20:13:15.554590+00:00,UMI,2024,completed_low_coverage,completed,2026-08-01T20:13:14.902301+00:00,2026-08-01T20:13:15.552273+00:00,0.010833032198327904,/home/jovyan/BIT/outputs/wildfire_GABAM2024/country_results/UMI_GABAM2024.csv,376,376,0,0,0,0.0,0.0,Tile coverage 0.000% is below 99.000%.
2026-08-01T20:13:29.567259+00:00,URY,2024,completed_low_coverage,completed,2026-08-01T20:13:22.378534+00:00,2026-08-01T20:13:29.564829+00:00,0.11977176006572941,/home/jovyan/BIT/outputs/wildfire_GABAM2024/country_results/URY_GABAM2024.csv,2532412,2532412,5,0,0,0.0,0.00019744022694569445,Tile coverage 0.000% is below 99.000%.
2026-08-01T20:18:11.379441+00:00,UZB,2024,completed_low_coverage,completed,2026-08-01T20:13:36.549394+00:00,2026-08-01T20:18:11.375238+00:00,4.580430910965273,/home/jovyan/BIT/outputs/wildfire_GABAM2024/country_results/UZB_GABAM2024.csv,7014546,7014546,3179935,40,40,0.0005702436052169306,45.33343996888751,Tile coverage 45.333% is below 99.000%.
2026-08-01T20:18:33.545247+00:00,VUT,2024,completed_low_coverage,completed,2026-08-01T20:18:18.107333+00:00,2026-08-01T20:18:33.542791+00:00,0.2572578214671618,/home/jovyan/BIT/outputs/wildfire_GABAM2024/country_results/VUT_GABAM2024.csv,152287,152287,141406,1,1,0.0006566548687675245,92.85493837294057,Tile coverage 92.855% is below 99.000%.
2026-08-01T20:27:38.921428+00:00,VEN,2024,completed_low_coverage,completed,2026-08-01T20:18:45.287653+00:00,2026-08-01T20:27:38.912564+00:00,8.893748660249791,/home/jovyan/BIT/outputs/wildfire_GABAM2024/country_results/VEN_GABAM2024.csv,11440960,11440960,6207483,16487,16487,0.14410504013649203,54.256662028361255,Tile coverage 54.257% is below 99.000%.
2026-08-01T21:12:37.999422+00:00,VNM,2024,completed_low_coverage,completed,2026-08-01T20:27:45.514186+00:00,2026-08-01T21:12:37.990394+00:00,44.87460362446533,/home/jovyan/BIT/outputs/wildfire_GABAM2024/country_results/VNM_GABAM2024.csv,51780386,51780386,31823685,3554,3554,0.00686360275491187,61.458956679079215,Tile coverage 61.459% is below 99.000%.
2026-08-01T21:12:48.076465+00:00,VGB,2024,completed_low_coverage,completed,2026-08-01T21:12:45.655940+00:00,2026-08-01T21:12:48.074110+00:00,0.040303012682124974,/home/jovyan/BIT/outputs/wildfire_GABAM2024/country_results/VGB_GABAM2024.csv,20455,20455,0,0,0,0.0,0.0,Tile coverage 0.000% is below 99.000%.
2026-08-01T21:12:57.357819+00:00,VIR,2024,completed_low_coverage,completed,2026-08-01T21:12:54.625854+00:00,2026-08-01T21:12:57.355173+00:00,0.04548895401530899,/home/jovyan/BIT/outputs/wildfire_GABAM2024/country_results/VIR_GABAM2024.csv,79441,79441,0,0,0,0.0,0.0,Tile coverage 0.000% is below 99.000%.
2026-08-01T21:13:05.904982+00:00,WLF,2024,completed_low_coverage,completed,2026-08-01T21:13:03.956302+00:00,2026-08-01T21:13:05.902448+00:00,0.032435941616616525,/home/jovyan/BIT/outputs/wildfire_GABAM2024/country_results/WLF_GABAM2024.csv,8156,8156,0,0,0,0.0,0.0,Tile coverage 0.000% is below 99.000%.
2026-08-01T21:13:21.103075+00:00,ESH,2024,completed_low_coverage,completed,2026-08-01T21:13:17.668994+00:00,2026-08-01T21:13:21.100555+00:00,0.057192848616978154,/home/jovyan/BIT/outputs/wildfire_GABAM2024/country_results/ESH_GABAM2024.csv,55496,55496,3721,0,0,0.0,6.704987746864639,Tile coverage 6.705% is below 99.000%.
2026-08-01T21:17:00.847324+00:00,YEM,2024,completed_low_coverage,completed,2026-08-01T21:13:27.850272+00:00,2026-08-01T21:17:00.843191+00:00,3.549882178150195,/home/jovyan/BIT/outputs/wildfire_GABAM2024/country_results/YEM_GABAM2024.csv,4952621,4952621,2454571,3,3,6.057398698588081e-05,49.56105060330682,Tile coverage 49.561% is below 99.000%.
2026-08-01T21:30:05.790115+00:00,ZMB,2024,completed_low_coverage,completed,2026-08-01T21:17:07.381830+00:00,2026-08-01T21:30:05.786215+00:00,12.973406572282935,/home/jovyan/BIT/outputs/wildfire_GABAM2024/country_results/ZMB_GABAM2024.csv,10397487,10397487,9018822,298092,298092,2.86696198802653,86.74040179131745,Tile coverage 86.740% is below 99.000%.
2026-08-01T21:34:48.358790+00:00,ZWE,2024,completed_low_coverage,completed,2026-08-01T21:30:12.365852+00:00,2026-08-01T21:34:48.351388+00:00,4.599759083314954,/home/jovyan/BIT/outputs/wildfire_GABAM2024/country_results/ZWE_GABAM2024.csv,12612313,12612313,3093254,53719,53719,0.4259250464209063,24.525667892955084,Tile coverage 24.526% is below 99.000%.
2026-08-04T04:17:01.929224+00:00,ATA,2024,skipped,resolve_boundary,2026-08-04T04:17:01.924733+00:00,2026-08-04T04:17:01.927188+00:00,4.099948370518784e-05,,,,,,,,,Country boundary is outside GABAM's published 80°N to 60°S latitude coverage.
2026-08-04T04:19:17.070270+00:00,BMU,2024,skipped,select_gabam_tiles,2026-08-04T04:19:16.934635+00:00,2026-08-04T04:19:17.067988+00:00,0.0022227123670745643,,,,,,,,,No intersecting GABAM tiles were found.
2026-08-04T04:20:16.889540+00:00,BVT,2024,skipped,select_gabam_tiles,2026-08-04T04:20:16.880663+00:00,2026-08-04T04:20:16.887220+00:00,0.00010940086795017124,,,,,,,,,No intersecting GABAM tiles were found.
2026-08-04T04:20:32.356662+00:00,IOT,2024,skipped,select_gabam_tiles,2026-08-04T04:20:32.337681+00:00,2026-08-04T04:20:32.354341+00:00,0.00027788543375208976,,,,,,,,,No intersecting GABAM tiles were found.
2026-08-04T04:22:35.636466+00:00,CXR,2024,skipped,select_gabam_tiles,2026-08-04T04:22:35.622297+00:00,2026-08-04T04:22:35.634486+00:00,0.00020325781661085786,,,,,,,,,No intersecting GABAM tiles were found.
2026-08-04T04:22:43.011894+00:00,CCK,2024,skipped,select_gabam_tiles,2026-08-04T04:22:43.004874+00:00,2026-08-04T04:22:43.009775+00:00,8.174336592977245e-05,,,,,,,,,No intersecting GABAM tiles were found.
2026-08-04T04:26:21.691400+00:00,FLK,2024,skipped,select_gabam_tiles,2026-08-04T04:26:21.637756+00:00,2026-08-04T04:26:21.688938+00:00,0.0008532405830919742,,,,,,,,,No intersecting GABAM tiles were found.
2026-08-04T04:28:56.632529+00:00,GUM,2024,skipped,select_gabam_tiles,2026-08-04T04:28:56.615737+00:00,2026-08-04T04:28:56.630365+00:00,0.00024395546643063426,,,,,,,,,No intersecting GABAM tiles were found.
2026-08-04T04:29:54.251620+00:00,HMD,2024,skipped,select_gabam_tiles,2026-08-04T04:29:54.244874+00:00,2026-08-04T04:29:54.249495+00:00,7.712780109917125e-05,,,,,,,,,No intersecting GABAM tiles were found.
2026-08-04T04:30:23.091162+00:00,HKG,2024,skipped,resolve_ghs_obat,2026-08-04T04:30:21.755203+00:00,2026-08-04T04:30:23.088500+00:00,0.02222189951571636,,,,,,,,,GHS-OBAT country file is unavailable: HTTP 404
2026-08-04T04:31:29.243897+00:00,IMN,2024,skipped,select_gabam_tiles,2026-08-04T04:31:29.228924+00:00,2026-08-04T04:31:29.241891+00:00,0.00021623360031905274,,,,,,,,,No intersecting GABAM tiles were found.
2026-08-04T04:33:57.693087+00:00,LBR,2024,skipped,select_gabam_tiles,2026-08-04T04:33:57.672745+00:00,2026-08-04T04:33:57.691051+00:00,0.00030521436710841956,,,,,,,,,No intersecting GABAM tiles were found.
2026-08-04T04:34:40.515868+00:00,MAC,2024,skipped,resolve_ghs_obat,2026-08-04T04:34:39.417913+00:00,2026-08-04T04:34:40.513294+00:00,0.018256555833310508,,,,,,,,,GHS-OBAT country file is unavailable: HTTP 404
2026-08-04T04:37:45.412921+00:00,NRU,2024,skipped,select_gabam_tiles,2026-08-04T04:37:45.398606+00:00,2026-08-04T04:37:45.411013+00:00,0.00020693476544693113,,,,,,,,,No intersecting GABAM tiles were found.
2026-08-04T04:38:53.210569+00:00,NIU,2024,skipped,select_gabam_tiles,2026-08-04T04:38:53.196251+00:00,2026-08-04T04:38:53.208504+00:00,0.00020429745006064575,,,,,,,,,No intersecting GABAM tiles were found.
2026-08-04T04:39:00.523131+00:00,NFK,2024,skipped,select_gabam_tiles,2026-08-04T04:39:00.516890+00:00,2026-08-04T04:39:00.521009+00:00,6.874251606253286e-05,,,,,,,,,No intersecting GABAM tiles were found.
2026-08-04T04:41:30.344254+00:00,REU,2024,skipped,select_gabam_tiles,2026-08-04T04:41:30.328881+00:00,2026-08-04T04:41:30.342184+00:00,0.00022181856523578364,,,,,,,,,No intersecting GABAM tiles were found.
2026-08-04T04:42:11.927078+00:00,SHN,2024,skipped,select_gabam_tiles,2026-08-04T04:42:11.920237+00:00,2026-08-04T04:42:11.925079+00:00,8.076986608405908e-05,,,,,,,,,No intersecting GABAM tiles were found.
2026-08-04T04:42:45.784450+00:00,SPM,2024,skipped,select_gabam_tiles,2026-08-04T04:42:45.770033+00:00,2026-08-04T04:42:45.782475+00:00,0.00020744618377648293,,,,,,,,,No intersecting GABAM tiles were found.
2026-08-04T04:45:00.515207+00:00,SGS,2024,skipped,select_gabam_tiles,2026-08-04T04:45:00.493877+00:00,2026-08-04T04:45:00.513046+00:00,0.00031969836563803253,,,,,,,,,No intersecting GABAM tiles were found.
2026-08-04T04:45:26.685567+00:00,LKA,2024,skipped,select_gabam_tiles,2026-08-04T04:45:26.646373+00:00,2026-08-04T04:45:26.682757+00:00,0.0006065379013307393,,,,,,,,,No intersecting GABAM tiles were found.
2026-08-04T04:55:07.657393+00:00,ATA,2024,skipped,resolve_boundary,2026-08-04T04:55:07.652823+00:00,2026-08-04T04:55:07.655274+00:00,4.077253203528623e-05,,,,,,,,,Country boundary is outside GABAM's published 80°N to 60°S latitude coverage.
2026-08-04T04:57:20.041816+00:00,BMU,2024,skipped,select_gabam_tiles,2026-08-04T04:57:19.901379+00:00,2026-08-04T04:57:20.039309+00:00,0.0022989883184588206,,,,,,,,,No intersecting GABAM tiles were found.
2026-08-04T04:58:12.580472+00:00,BVT,2024,skipped,select_gabam_tiles,2026-08-04T04:58:12.574629+00:00,2026-08-04T04:58:12.578366+00:00,6.23454669645677e-05,,,,,,,,,No intersecting GABAM tiles were found.
2026-08-04T04:58:26.191631+00:00,IOT,2024,skipped,select_gabam_tiles,2026-08-04T04:58:26.175828+00:00,2026-08-04T04:58:26.189631+00:00,0.0002301570513130476,,,,,,,,,No intersecting GABAM tiles were found.
2026-08-04T05:00:20.180852+00:00,CXR,2024,skipped,select_gabam_tiles,2026-08-04T05:00:20.166717+00:00,2026-08-04T05:00:20.178451+00:00,0.00019567666652922828,,,,,,,,,No intersecting GABAM tiles were found.
2026-08-04T05:00:27.086444+00:00,CCK,2024,skipped,select_gabam_tiles,2026-08-04T05:00:27.079606+00:00,2026-08-04T05:00:27.084458+00:00,8.091230023031434e-05,,,,,,,,,No intersecting GABAM tiles were found.
2026-08-04T05:03:54.221811+00:00,FLK,2024,skipped,select_gabam_tiles,2026-08-04T05:03:54.167735+00:00,2026-08-04T05:03:54.219443+00:00,0.0008620377843423436,,,,,,,,,No intersecting GABAM tiles were found.
2026-08-04T05:06:28.179485+00:00,GUM,2024,skipped,select_gabam_tiles,2026-08-04T05:06:28.162616+00:00,2026-08-04T05:06:28.177436+00:00,0.00024717341681631904,,,,,,,,,No intersecting GABAM tiles were found.
2026-08-04T05:07:25.898320+00:00,HMD,2024,skipped,select_gabam_tiles,2026-08-04T05:07:25.891578+00:00,2026-08-04T05:07:25.896121+00:00,7.586053300959369e-05,,,,,,,,,No intersecting GABAM tiles were found.
2026-08-04T05:07:54.711611+00:00,HKG,2024,skipped,resolve_ghs_obat,2026-08-04T05:07:53.449496+00:00,2026-08-04T05:07:54.705966+00:00,0.020941386001262195,,,,,,,,,GHS-OBAT country file is unavailable: HTTP 404
2026-08-04T05:09:00.244563+00:00,IMN,2024,skipped,select_gabam_tiles,2026-08-04T05:09:00.229543+00:00,2026-08-04T05:09:00.242372+00:00,0.00021394868187295894,,,,,,,,,No intersecting GABAM tiles were found.
2026-08-04T05:11:33.959712+00:00,LBR,2024,skipped,select_gabam_tiles,2026-08-04T05:11:33.938783+00:00,2026-08-04T05:11:33.957698+00:00,0.0003153828166735669,,,,,,,,,No intersecting GABAM tiles were found.
2026-08-04T05:12:16.585549+00:00,MAC,2024,skipped,resolve_ghs_obat,2026-08-04T05:12:15.557822+00:00,2026-08-04T05:12:16.582949+00:00,0.017085706916016838,,,,,,,,,GHS-OBAT country file is unavailable: HTTP 404
2026-08-04T05:15:22.279395+00:00,NRU,2024,skipped,select_gabam_tiles,2026-08-04T05:15:22.265456+00:00,2026-08-04T05:15:22.277341+00:00,0.00019825096824206413,,,,,,,,,No intersecting GABAM tiles were found.
2026-08-04T05:16:29.695745+00:00,NIU,2024,skipped,select_gabam_tiles,2026-08-04T05:16:29.680964+00:00,2026-08-04T05:16:29.693766+00:00,0.00021356469951570035,,,,,,,,,No intersecting GABAM tiles were found.
2026-08-04T05:16:37.144425+00:00,NFK,2024,skipped,select_gabam_tiles,2026-08-04T05:16:37.137760+00:00,2026-08-04T05:16:37.142261+00:00,7.512825153147182e-05,,,,,,,,,No intersecting GABAM tiles were found.
2026-08-04T05:19:06.764891+00:00,REU,2024,skipped,select_gabam_tiles,2026-08-04T05:19:06.750664+00:00,2026-08-04T05:19:06.762892+00:00,0.00020393808372318745,,,,,,,,,No intersecting GABAM tiles were found.
2026-08-04T05:19:46.881746+00:00,SHN,2024,skipped,select_gabam_tiles,2026-08-04T05:19:46.875103+00:00,2026-08-04T05:19:46.879781+00:00,7.806801780437429e-05,,,,,,,,,No intersecting GABAM tiles were found.
2026-08-04T05:20:20.190554+00:00,SPM,2024,skipped,select_gabam_tiles,2026-08-04T05:20:20.175713+00:00,2026-08-04T05:20:20.188562+00:00,0.00021431025040025514,,,,,,,,,No intersecting GABAM tiles were found.
2026-08-04T05:22:33.731482+00:00,SGS,2024,skipped,select_gabam_tiles,2026-08-04T05:22:33.711140+00:00,2026-08-04T05:22:33.729488+00:00,0.00030596125094840924,,,,,,,,,No intersecting GABAM tiles were found.
2026-08-04T05:22:59.671017+00:00,LKA,2024,skipped,select_gabam_tiles,2026-08-04T05:22:59.628373+00:00,2026-08-04T05:22:59.668376+00:00,0.000666881148936227,,,,,,,,,No intersecting GABAM tiles were found.
